Word,Valence,Extremity,Emotionality,Valence_StdDev,Extremity_StdDev,Emotionality_StdDev
awesome,8.57,4.07,6.34,0.63,0.63,2.44
awesomeness,8.46,3.96,6.72,0.92,0.92,2.12
best,8.45,3.95,4.07,1.09,1.09,2.95
peace,8.44,3.94,3.78,1.22,1.09,2.44
magnificent,8.44,3.94,5.00,0.95,0.95,3.22
beautiful,8.41,3.91,5.81,0.91,0.91,2.45
brilliant,8.40,3.90,3.83,0.87,0.87,2.59
extraordinary,8.36,3.86,5.41,1.04,1.04,1.82
miraculous,8.36,3.86,3.72,0.81,0.81,3.17
adore,8.34,3.84,6.48,1.04,1.04,2.72
delicious,8.31,3.81,4.70,1.00,1.00,2.98
beloved,8.28,3.78,6.59,1.25,1.14,2.50
deliciously,8.28,3.78,4.63,1.03,1.03,3.21
love,8.27,3.77,8.03,1.70,1.01,1.63
flawless,8.24,3.74,3.05,1.20,1.06,2.37
healthy,8.22,3.72,2.38,1.01,1.01,2.20
perfect,8.21,3.71,3.91,1.23,1.13,2.70
angelic,8.20,3.70,5.52,1.15,1.01,1.78
elated,8.20,3.70,7.11,1.12,1.12,2.20
excellent,8.16,3.66,4.44,1.25,1.25,2.36
fantastic,8.16,3.66,5.85,1.25,1.12,2.21
happiest,8.16,3.66,6.33,1.34,1.22,2.34
magnificently,8.16,3.66,5.19,1.03,1.03,2.18
superb,8.16,3.66,3.95,0.90,0.90,3.04
joyful,8.15,3.65,6.29,0.86,0.86,1.90
wonderful,8.14,3.64,5.81,1.10,1.05,2.04
excellence,8.13,3.63,4.63,1.25,1.15,2.54
heartwarming,8.13,3.63,6.93,1.28,1.18,2.27
adored,8.12,3.62,5.41,1.05,1.05,2.48
loved,8.12,3.62,8.26,1.36,0.97,1.08
pleasurable,8.12,3.62,5.86,0.88,0.88,3.10
talented,8.12,3.62,2.10,0.88,0.88,2.24
inspiring,8.11,3.61,6.03,1.01,1.01,2.10
beautifully,8.11,3.61,5.90,1.07,1.07,2.44
appreciated,8.08,3.58,5.28,1.12,1.12,2.67
bravery,8.08,3.58,5.52,1.26,1.26,2.21
greatest,8.07,3.57,4.72,1.27,1.17,2.30
creative,8.07,3.57,4.70,0.80,0.80,2.89
celebrate,8.07,3.57,5.43,1.01,1.01,2.37
enjoy,8.07,3.57,6.00,1.20,1.09,2.36
finest,8.04,3.54,3.05,1.10,1.10,2.18
exemplary,8.04,3.54,4.66,1.32,1.32,2.70
orgasmic,8.04,3.54,7.17,1.29,1.18,2.22
celebrating,8.03,3.53,5.30,1.09,1.09,2.76
outstanding,8.03,3.53,4.79,1.25,1.14,2.76
awesomely,8.00,3.50,4.90,1.20,1.10,2.22
brilliantly,8.00,3.50,5.00,1.04,1.04,2.42
delights,8.00,3.50,6.31,1.20,1.09,1.95
fantastically,8.00,3.50,5.24,0.96,0.96,2.62
happily,8.00,3.50,7.07,1.05,1.05,1.66
hero,8.00,3.50,3.65,1.39,1.30,3.12
intelligent,8.00,3.50,2.93,1.26,1.26,2.43
lovable,8.00,3.50,6.33,1.34,1.24,1.82
cheery,7.97,3.47,6.88,1.03,1.03,2.03
handsome,7.97,3.47,3.96,1.18,1.18,2.84
amazing,7.97,3.47,6.60,1.11,1.11,2.08
perfection,7.97,3.47,4.27,1.38,1.38,2.38
blessing,7.97,3.47,4.26,1.43,1.34,2.93
genuine,7.97,3.47,4.96,1.21,1.21,2.37
delightfully,7.96,3.46,5.89,1.06,1.06,2.15
delight,7.93,3.43,6.70,1.13,1.13,1.66
heartfelt,7.93,3.43,7.07,1.19,1.19,1.64
remarkable,7.93,3.43,4.15,1.16,1.16,3.02
delightful,7.93,3.43,7.10,1.21,1.21,2.29
cheerful,7.93,3.43,6.85,1.14,1.11,2.00
amazingly,7.93,3.43,5.26,0.92,0.92,2.08
enchanted,7.92,3.42,4.83,1.00,1.00,2.52
enjoyment,7.92,3.42,5.87,1.26,1.26,2.83
gifted,7.92,3.42,1.79,1.15,1.15,2.13
loveable,7.92,3.42,5.93,1.08,1.08,2.34
lovely,7.92,3.42,4.69,1.15,1.15,2.44
loves,7.92,3.42,7.84,1.38,1.27,1.84
wonderfully,7.91,3.41,4.77,1.20,1.11,2.49
divine,7.90,3.40,5.35,1.37,1.10,2.97
exceptional,7.90,3.40,4.60,1.16,1.16,2.65
wondrous,7.90,3.40,5.56,1.11,1.11,3.29
majestic,7.90,3.40,5.80,1.18,1.18,2.28
happy,7.89,3.39,7.41,1.31,1.21,1.90
uplifting,7.89,3.39,5.62,1.07,1.07,2.65
caring,7.88,3.38,7.42,1.09,1.09,1.73
cherished,7.88,3.38,6.68,1.36,1.26,2.59
courageous,7.88,3.38,5.84,1.33,1.22,2.70
friendly,7.88,3.38,4.86,1.13,1.13,2.88
inspirational,7.88,3.38,5.74,1.17,1.17,1.79
loving,7.88,3.38,8.00,1.24,1.24,1.87
pleasurably,7.88,3.38,5.58,1.07,1.07,2.47
topnotch,7.88,3.38,3.12,1.56,1.15,2.76
heavenly,7.87,3.37,4.90,1.12,1.12,2.84
joy,7.87,3.37,7.47,0.96,0.96,1.80
nicest,7.87,3.37,4.97,1.28,1.28,2.09
phenomenal,7.86,3.36,5.93,1.92,1.16,2.76
delighted,7.85,3.35,6.18,1.38,1.06,2.20
fabulously,7.85,3.35,5.11,0.95,0.95,2.39
friendliness,7.85,3.35,4.42,0.99,0.99,2.49
innovative,7.85,3.35,2.89,0.99,0.99,2.25
healthier,7.84,3.34,3.12,1.08,1.08,2.29
excellently,7.84,3.34,4.10,1.31,1.31,2.84
excels,7.84,3.34,2.07,1.11,1.11,2.05
gracious,7.84,3.34,4.59,1.03,1.03,2.97
inspiration,7.84,3.34,4.31,1.18,1.18,3.02
peaceful,7.84,3.34,4.97,1.18,1.18,2.64
perfectly,7.84,3.34,3.16,1.21,1.21,2.47
fun,7.84,3.34,5.63,1.27,1.27,2.33
appreciation,7.83,3.33,5.57,1.26,1.26,2.31
fantabulous,7.83,3.33,5.67,1.28,1.19,3.15
spectacular,7.82,3.32,5.69,1.52,1.14,2.67
very good,7.81,3.31,3.43,1.21,1.21,2.62
welcomed,7.81,3.31,4.05,1.08,1.08,2.37
happier,7.81,3.31,6.77,1.20,1.11,2.10
terrific,7.81,3.31,6.07,1.48,1.11,2.30
gorgeous,7.81,3.31,4.73,1.45,1.19,3.10
admired,7.80,3.30,6.45,1.19,1.19,2.00
comforting,7.80,3.30,5.78,1.22,1.11,2.31
fabulous,7.80,3.30,5.25,1.12,1.12,2.58
positivism,7.80,3.30,4.86,1.22,1.22,2.89
splendid,7.80,3.30,5.16,1.29,1.29,2.82
triumph,7.80,3.30,5.50,1.45,1.18,2.67
compliment,7.79,3.29,4.52,1.24,1.24,2.26
outstandingly,7.79,3.29,5.28,1.83,1.15,2.84
great,7.79,3.29,4.74,1.25,1.13,2.70
flawlessly,7.77,3.27,3.87,1.23,1.23,2.85
prettiest,7.77,3.27,4.33,1.48,1.23,2.62
charming,7.76,3.26,4.83,1.20,1.08,2.27
enjoying,7.76,3.26,6.32,1.20,1.20,2.31
enjoys,7.76,3.26,5.77,1.13,1.13,2.47
enlightening,7.76,3.26,4.66,1.16,1.16,2.58
impressed,7.76,3.26,4.52,0.97,0.97,2.96
nice,7.76,3.26,4.61,1.33,1.24,2.52
pleasures,7.74,3.24,5.50,1.37,1.37,2.36
pleased,7.72,3.22,5.07,1.13,1.13,2.20
favorite,7.72,3.22,4.68,1.24,1.24,2.84
grateful,7.72,3.22,6.13,1.34,1.34,1.88
high-quality,7.72,3.22,2.38,1.14,1.14,2.62
inspires,7.72,3.22,4.86,1.28,1.28,2.84
lovingly,7.72,3.22,7.19,1.34,1.34,2.18
appreciate,7.72,3.22,4.92,1.33,1.24,2.74
beneficial,7.72,3.22,3.92,1.11,1.11,2.62
enjoyed,7.71,3.21,6.72,1.15,1.15,2.48
godsend,7.71,3.21,5.21,1.67,1.35,2.88
hilarious,7.71,3.21,6.38,1.24,1.14,2.68
knowledgeable,7.71,3.21,2.50,0.97,0.97,2.64
warmheartedness,7.71,3.21,6.07,1.49,1.06,1.86
cutest,7.70,3.20,4.63,1.15,1.15,2.28
fascinating,7.70,3.20,5.40,1.42,1.34,2.21
welcoming,7.70,3.20,5.43,1.18,1.08,2.50
flavorful,7.69,3.19,3.41,1.17,1.17,2.79
gratitude,7.69,3.19,4.85,1.34,1.34,2.32
legendary,7.69,3.19,3.96,1.42,1.33,3.23
priceless,7.69,3.19,2.78,1.75,1.47,2.85
dazzling,7.69,3.19,5.44,1.06,1.06,2.83
appreciative,7.68,3.18,6.21,1.25,1.25,2.45
breathtaking,7.68,3.18,7.29,1.41,1.31,2.21
cherish,7.68,3.18,5.94,1.55,1.36,2.68
feelgood,7.68,3.18,5.22,0.95,0.95,2.65
glorious,7.68,3.18,5.78,2.08,0.94,1.83
splendidly,7.68,3.18,5.03,1.22,1.22,2.80
admiration,7.68,3.18,6.17,1.16,1.16,2.65
magnificence,7.68,3.18,5.59,1.52,1.16,2.56
pleasure,7.68,3.18,6.10,1.42,1.13,2.21
enthusiastic,7.68,3.18,6.97,1.30,1.30,1.77
admire,7.67,3.17,6.17,1.18,1.18,2.51
zen,7.67,3.17,3.92,1.52,1.36,3.24
cleanest,7.66,3.16,2.54,1.15,1.15,2.56
luxurious,7.65,3.15,3.70,1.36,1.28,2.85
treasured,7.65,3.15,5.07,1.56,1.17,2.65
enchanting,7.64,3.14,6.59,1.66,1.25,2.20
exhilarating,7.64,3.14,6.93,1.47,1.39,2.39
ambitious,7.64,3.14,4.48,1.19,1.19,2.56
friendliest,7.64,3.14,5.48,1.22,1.22,2.46
joys,7.64,3.14,5.26,1.52,1.44,2.30
pure,7.64,3.14,3.89,1.50,1.41,2.34
attractively,7.63,3.13,4.40,1.30,1.30,2.34
praise,7.63,3.13,5.53,1.35,1.35,2.52
respectful,7.63,3.13,4.80,1.16,1.16,2.51
ideal,7.63,3.13,2.54,1.13,1.04,2.20
sweetest,7.63,3.13,5.92,1.43,1.36,2.42
vibrant,7.63,3.13,5.08,1.16,1.16,2.54
festive,7.62,3.12,5.15,1.35,1.26,2.63
firstclass,7.62,3.12,2.33,1.76,1.31,2.39
bliss,7.61,3.11,6.70,1.43,1.36,2.47
considerate,7.61,3.11,5.40,1.20,1.20,2.16
incredible,7.61,3.11,5.97,1.45,1.45,3.10
exceptionally,7.60,3.10,3.96,1.19,1.19,2.63
exquisite,7.60,3.10,5.03,1.22,1.22,2.30
inventive,7.60,3.10,2.00,1.08,1.08,2.39
success,7.60,3.10,3.53,1.38,1.29,2.72
affection,7.59,3.09,6.85,1.56,1.43,2.19
liked,7.59,3.09,4.00,1.28,1.28,2.31
appreciates,7.59,3.09,5.00,1.35,1.35,2.27
elegantly,7.59,3.09,4.70,1.21,1.21,2.52
freshest,7.59,3.09,2.88,1.32,1.24,2.72
genuinely,7.59,3.09,4.04,1.32,1.32,2.81
warmly,7.59,3.09,5.19,1.24,1.24,2.42
super,7.57,3.07,4.48,1.64,1.02,2.95
beaming,7.56,3.06,6.65,1.27,1.19,2.23
comfy,7.56,3.06,4.42,1.19,1.19,2.41
elegance,7.56,3.06,4.26,1.19,1.19,2.23
enjoyably,7.56,3.06,5.96,1.19,1.19,2.07
luxuriously,7.56,3.06,2.03,1.36,1.36,2.37
graciously,7.56,3.06,3.97,1.72,1.11,1.67
fortunate,7.55,3.05,3.67,1.35,1.27,2.50
sincere,7.55,3.05,5.22,1.35,1.35,2.59
exciting,7.55,3.05,6.97,1.15,1.15,2.08
authentic,7.54,3.04,3.45,1.32,1.32,2.77
ecstatic,7.54,3.04,7.07,1.62,1.47,2.12
passion,7.54,3.04,7.03,1.67,1.45,2.15
smiling,7.54,3.04,5.62,1.71,1.33,2.66
impeccable,7.53,3.03,4.27,1.70,1.26,1.93
celebrated,7.52,3.02,5.70,1.85,1.26,2.09
enjoyable,7.52,3.02,6.58,1.29,1.29,2.23
stunningly,7.52,3.02,5.04,1.73,1.08,2.81
sweet,7.52,3.02,4.48,1.42,1.42,3.11
helpful,7.52,3.02,3.85,1.05,1.05,2.58
pleasing,7.52,3.02,5.41,0.94,0.94,2.02
blessed,7.50,3.00,5.17,1.98,1.32,2.23
fascinated,7.50,3.00,5.37,1.22,1.22,1.96
passionate,7.50,3.00,7.31,1.07,1.07,2.21
splendor,7.50,3.00,4.87,1.89,1.18,2.46
stellar,7.50,3.00,5.00,1.55,1.22,2.87
amaze,7.48,2.98,6.47,1.41,1.34,2.16
eloquently,7.48,2.98,3.89,1.21,1.21,2.78
expertise,7.48,2.98,2.56,1.30,1.21,2.29
worthwhile,7.48,2.98,3.46,1.09,1.09,2.38
expertly,7.48,2.98,1.93,1.36,1.26,2.02
fulfilling,7.48,2.98,5.13,1.42,1.42,2.22
impressive,7.48,2.98,3.95,1.33,1.23,2.60
intelligently,7.48,2.98,3.06,1.33,1.23,2.41
kindness,7.48,2.98,6.18,1.66,1.22,2.35
masterfully,7.48,2.98,3.11,1.42,1.42,2.61
plentiful,7.48,2.98,2.89,1.36,1.36,2.62
sophisticated,7.48,2.98,1.76,1.33,1.33,1.90
fulfilled,7.47,2.97,4.58,1.44,1.13,2.70
glamorous,7.47,2.97,4.87,1.46,1.38,2.08
adorable,7.46,2.96,5.83,1.73,1.18,2.51
stunning,7.46,2.96,5.76,1.45,1.20,2.17
yumm,7.46,2.96,5.79,1.35,1.26,2.51
amazed,7.45,2.95,6.41,1.15,1.15,2.39
charmed,7.44,2.94,5.85,1.42,1.42,2.07
prosperous,7.44,2.94,3.68,1.39,1.39,2.57
tenderheartedness,7.44,2.94,5.39,1.19,1.19,2.86
abundant,7.43,2.93,2.93,1.74,1.24,2.32
admirably,7.43,2.93,5.03,1.55,1.40,2.10
marvelous,7.43,2.93,6.14,1.77,1.15,2.36
marvelously,7.43,2.93,5.93,2.04,1.28,2.66
calming,7.42,2.92,6.41,1.33,1.23,2.16
glamourous,7.42,2.92,4.27,1.59,1.15,2.72
tranquility,7.42,2.92,5.13,1.65,1.23,2.52
amiable,7.42,2.92,4.06,1.36,1.30,1.81
scrumptious,7.41,2.91,4.30,1.42,1.16,2.85
bright,7.40,2.90,3.48,1.47,1.19,2.59
fondness,7.40,2.90,5.87,1.28,1.19,2.73
rewarding,7.40,2.90,4.26,1.41,1.41,2.74
skilled,7.40,2.90,2.97,1.30,1.22,2.37
woohoo,7.40,2.90,5.87,1.87,1.07,2.99
charismatic,7.39,2.89,5.97,1.47,1.23,2.56
commendable,7.39,2.89,4.46,1.40,1.32,2.53
sexy,7.39,2.89,6.41,1.37,1.29,2.67
classy,7.39,2.89,4.23,1.31,1.31,2.79
charm,7.38,2.88,4.78,1.21,1.21,2.24
wholesome,7.38,2.88,2.93,1.76,1.35,2.50
yummy,7.37,2.87,3.65,1.39,1.12,2.89
artistic,7.36,2.86,3.45,1.38,1.29,2.52
ecofriendly,7.36,2.86,1.68,1.75,1.15,1.97
entertaining,7.36,2.86,4.87,1.22,1.22,2.55
inspired,7.36,2.86,5.84,1.35,1.26,2.38
mastery,7.36,2.86,2.84,1.44,1.35,2.46
upbeat,7.36,2.86,5.03,1.15,1.15,3.29
complimentary,7.36,2.86,3.83,1.37,1.29,2.33
elegant,7.36,2.86,3.79,1.39,1.23,2.19
family-friendly,7.36,2.86,4.48,1.52,1.45,3.15
skillful,7.36,2.86,2.31,1.16,1.16,2.63
wow,7.35,2.85,5.67,1.28,1.28,2.88
yay,7.35,2.88,6.34,1.84,1.26,2.91
greats,7.34,2.84,3.08,1.29,1.29,2.52
dreamy,7.33,2.83,5.68,1.44,1.36,2.22
superbly,7.33,2.83,4.69,2.32,1.13,2.61
sustainable,7.33,2.83,2.43,1.36,1.28,2.34
fond,7.32,2.82,5.66,1.36,1.10,2.76
pleasantly,7.32,2.82,4.41,1.25,1.16,2.72
terrifically,7.32,2.82,5.41,2.61,1.15,2.57
dependable,7.32,2.82,3.26,1.46,1.38,2.67
imaginative,7.32,2.82,4.19,1.11,1.11,2.57
relaxed,7.32,2.82,3.81,1.28,1.28,2.83
special,7.32,2.82,3.14,1.31,1.22,2.46
relaxing,7.31,2.81,3.44,1.46,1.27,2.56
clever,7.31,2.81,3.88,1.49,1.14,2.78
complimented,7.31,2.81,4.19,1.57,1.24,2.47
yum,7.31,2.81,3.74,1.89,1.29,2.97
professional,7.30,2.80,3.13,1.29,1.29,2.60
progressive,7.30,2.80,3.41,1.27,1.27,2.24
pleasant,7.29,2.79,5.73,1.68,1.36,2.38
tastefully,7.29,2.79,3.53,1.19,1.19,2.22
favs,7.29,2.79,2.60,1.43,1.36,2.79
graceful,7.29,2.79,4.07,1.70,1.35,2.52
pristine,7.29,2.79,3.39,1.94,1.16,2.73
energetic,7.28,2.78,4.88,1.33,1.33,2.67
complement,7.28,2.78,3.55,1.37,1.37,2.72
hardworking,7.28,2.78,2.77,1.28,1.28,2.39
refreshing,7.28,2.78,3.63,1.40,1.31,2.50
astounding,7.27,2.77,5.93,1.64,1.64,2.39
endearing,7.26,2.76,5.76,1.65,1.19,2.47
entertained,7.26,2.76,4.83,1.34,1.34,2.67
splendiferous,7.26,2.76,5.81,1.39,1.39,2.11
truly,7.26,2.76,2.77,1.44,1.30,2.42
bountiful,7.25,2.75,3.93,1.43,1.28,2.35
efficiently,7.25,2.75,2.54,1.16,1.16,2.76
masterful,7.25,2.75,4.65,1.81,1.27,2.67
proficient,7.25,2.75,2.58,1.24,1.24,2.63
sexiest,7.25,2.75,5.69,2.05,1.23,2.71
thoughtful,7.25,2.75,4.34,1.32,1.24,2.73
agreeable,7.24,2.74,3.44,1.86,1.35,2.22
versatile,7.24,2.74,2.00,1.24,1.16,2.64
embraced,7.24,2.74,5.55,1.23,1.23,2.71
tastiest,7.24,2.74,2.74,1.33,1.24,2.46
witty,7.24,2.74,3.24,1.23,1.23,2.68
intriguing,7.23,2.73,5.87,1.14,1.14,2.08
reassuring,7.23,2.73,5.33,1.22,1.14,2.31
captivated,7.22,2.72,5.42,1.22,1.13,2.16
patient,7.22,2.72,4.16,1.31,1.23,2.52
picturesque,7.22,2.72,4.57,1.27,1.27,2.71
captivating,7.21,2.71,5.97,1.26,1.17,2.24
mouth-watering,7.21,2.71,4.97,2.01,1.37,2.58
warmth,7.21,2.71,4.45,1.87,1.26,2.65
wholeheartedly,7.21,2.71,5.41,1.55,1.41,2.72
wondrously,7.21,2.71,5.29,1.81,1.17,2.24
durable,7.21,2.71,2.42,1.26,1.26,2.69
amuse,7.20,2.70,5.20,1.21,1.14,2.16
calmness,7.20,2.70,4.96,1.12,1.12,2.19
engaging,7.20,2.70,4.80,1.27,1.19,2.19
fresh,7.20,2.70,1.41,1.47,1.22,1.97
groovy,7.20,2.70,4.90,1.37,1.30,2.55
openhearted,7.20,2.70,6.42,1.58,1.51,2.23
serene,7.20,2.70,4.41,1.50,1.42,2.98
gentle,7.19,2.69,4.15,1.18,1.18,2.98
satisfying,7.19,2.69,5.73,1.20,1.20,2.71
immaculate,7.19,2.69,3.31,2.08,1.45,2.61
gratifying,7.17,2.67,4.96,1.56,1.28,2.38
insightful,7.16,2.66,3.30,1.65,1.15,2.51
lively,7.16,2.66,4.84,1.07,1.07,2.37
refreshingly,7.16,2.66,3.79,1.28,1.28,2.62
sensational,7.16,2.66,5.07,1.65,1.35,2.38
supportive,7.16,2.66,5.24,1.34,1.34,2.84
visionary,7.16,2.66,3.19,1.49,1.33,2.82
savory,7.16,2.66,3.85,1.67,1.24,2.91
delectable,7.15,2.65,4.38,2.24,1.32,2.93
affordable,7.13,2.63,1.93,1.66,1.48,1.62
deserving,7.13,2.63,4.70,1.70,1.58,2.32
calm,7.13,2.63,5.07,1.67,1.30,2.74
hottie,7.13,2.63,3.96,1.31,1.25,3.26
well-crafted,7.12,2.62,2.21,1.27,1.27,2.34
well-equipped,7.12,2.62,1.87,1.48,1.40,2.28
whimsical,7.12,2.62,4.07,1.96,1.33,3.22
electrifying,7.11,2.61,5.95,1.31,1.23,2.01
smartest,7.11,2.61,3.32,1.89,1.28,2.74
romantic,7.11,2.61,6.76,1.93,1.20,2.26
effective,7.10,2.60,3.10,1.24,1.17,2.31
smartly,7.10,2.60,4.50,1.18,1.18,2.36
coolest,7.10,2.60,5.10,1.56,1.31,2.70
efficient,7.10,2.60,2.66,1.22,1.22,2.77
organized,7.09,2.59,1.81,1.20,1.13,1.88
warm,7.09,2.59,4.92,1.28,1.14,2.33
comfortable,7.08,2.58,4.87,1.47,1.39,2.35
complemented,7.08,2.58,4.30,1.38,1.30,2.20
dreamlike,7.08,2.58,4.89,1.41,1.41,2.63
fearless,7.08,2.58,5.21,1.47,1.22,3.23
playful,7.08,2.58,5.00,1.26,1.17,2.29
well-appointed,7.08,2.58,1.35,1.82,1.32,1.29
grandness,7.07,2.57,3.73,1.24,1.06,2.26
thrilled,7.07,2.57,7.40,1.80,1.46,1.35
ideally,7.04,2.54,2.78,1.40,1.32,2.50
popular,7.04,2.54,1.97,1.54,1.31,2.23
attentive,7.04,2.54,3.41,1.35,1.35,2.99
complementary,7.04,2.54,3.48,1.48,1.27,2.53
recommendable,7.04,2.54,2.55,1.29,1.21,2.50
nicely,7.03,2.53,4.73,1.52,1.33,2.30
riveting,7.03,2.53,5.19,1.60,1.30,3.11
upscale,7.03,2.53,2.83,1.49,1.09,2.32
useful,7.02,2.52,2.59,1.38,1.27,2.11
alluring,7.00,2.50,6.03,1.53,1.28,2.33
comfortably,7.00,2.50,4.14,1.28,1.28,2.70
cooperative,7.00,2.50,3.34,1.22,1.14,2.57
elate,7.00,2.50,6.96,1.46,1.46,2.42
enhanced,7.00,2.50,2.57,1.24,1.17,2.33
enhances,7.00,2.50,2.58,1.22,1.22,2.23
glad,7.00,2.50,6.41,1.61,1.35,2.49
precise,7.00,2.50,3.00,1.24,1.18,3.03
satisfies,7.00,2.50,4.04,1.00,1.00,2.24
scholarly,7.00,2.50,1.89,1.52,1.22,1.66
sensual,7.00,2.50,5.84,1.33,1.33,2.10
well,7.00,2.50,2.52,1.55,1.33,2.56
hospitable,6.97,2.47,3.81,2.04,1.21,2.35
liking,6.97,2.47,5.00,1.38,1.32,2.41
stylishly,6.97,2.47,3.23,1.14,1.06,2.53
enthralled,6.97,2.47,6.79,1.94,1.50,1.93
noteworthy,6.96,2.46,2.90,1.29,1.22,2.57
succeeds,6.96,2.46,3.90,1.71,1.26,2.85
tiptop,6.96,2.46,2.33,1.64,1.33,2.37
cool,6.96,2.46,3.90,1.51,1.29,2.21
mindblowing,6.96,2.46,6.74,1.72,1.53,2.16
strongest,6.96,2.46,3.81,1.65,1.28,2.68
powerful,6.93,2.43,4.93,1.91,1.26,2.63
adventurous,6.92,2.42,4.63,1.29,1.29,2.39
approachable,6.92,2.42,3.58,1.26,1.26,2.73
awe,6.92,2.42,6.58,1.58,1.44,2.48
gently,6.92,2.42,4.47,1.44,1.37,2.40
informative,6.92,2.42,2.70,1.41,1.41,2.45
lustrous,6.92,2.42,3.14,1.63,1.35,3.19
notable,6.92,2.42,1.52,1.29,1.21,1.94
jovial,6.91,2.41,6.74,1.71,1.15,2.09
irresistible,6.89,2.39,5.69,1.62,1.23,2.71
well-run,6.89,2.39,2.00,1.42,1.29,2.19
famous,6.88,2.38,1.69,1.30,1.30,2.02
grand,6.88,2.38,3.42,1.67,1.32,2.64
preferred,6.88,2.38,3.24,1.48,1.41,2.47
sturdy,6.88,2.38,0.93,1.30,1.22,1.51
unique,6.88,2.38,3.29,1.24,1.15,2.68
ingenious,6.88,2.38,3.76,2.15,1.39,2.95
effortlessly,6.87,2.37,3.30,1.57,1.14,2.47
thought-provoking,6.87,2.37,3.77,1.84,1.37,2.36
unparalleled,6.87,2.37,3.65,1.61,1.33,2.77
vivacious,6.87,2.42,5.45,1.65,1.34,2.63
flavorsome,6.87,2.37,3.90,2.00,1.21,2.44
stimulating,6.87,2.37,5.57,1.28,1.21,2.25
cleanly,6.86,2.36,1.79,1.67,1.06,1.78
fashionable,6.86,2.36,3.21,1.69,1.26,2.96
inviting,6.86,2.36,4.55,2.03,1.36,2.59
celestial,6.84,2.34,3.85,1.64,1.45,2.78
romanticist,6.84,2.34,5.69,1.57,1.47,2.68
tasteful,6.84,2.34,3.47,1.77,1.21,2.27
delectability,6.84,2.36,4.38,1.61,1.43,2.42
entrancing,6.83,2.33,6.17,1.44,1.26,2.30
iconic,6.83,2.33,3.27,1.70,1.44,2.82
painless,6.83,2.33,3.57,2.02,1.34,2.60
tremendous,6.83,2.33,5.97,1.95,1.67,2.41
advantage,6.83,2.33,2.81,1.89,1.26,2.68
delish,6.83,2.33,3.39,1.91,1.36,2.71
memorable,6.82,2.32,4.76,1.52,1.26,2.85
mighty,6.82,2.32,4.21,1.44,1.38,2.57
personable,6.82,2.32,3.93,1.42,1.21,2.63
originative,6.81,2.31,1.97,1.36,1.29,2.23
richest,6.81,2.31,2.81,1.80,1.69,2.42
revolutionary,6.81,2.31,4.31,1.53,1.32,3.20
awed,6.80,2.30,6.04,1.44,1.44,1.85
eager,6.80,2.30,5.67,1.40,1.40,1.88
invigorate,6.80,2.30,5.39,1.35,1.28,2.16
likes,6.80,2.30,5.11,1.76,1.37,2.54
satisfy,6.80,2.30,4.28,1.61,1.41,2.91
shines,6.80,2.30,2.58,1.66,1.32,2.61
tenderness,6.80,2.30,6.74,2.02,1.33,2.13
rad,6.79,2.29,4.23,2.14,1.50,2.50
bubbly,6.78,2.28,6.62,2.01,1.52,2.26
sophisticate,6.78,2.28,2.65,1.22,1.14,2.25
dynamic,6.77,2.27,4.10,1.73,1.24,3.09
astound,6.76,2.26,5.37,1.90,1.62,2.24
cleverly,6.76,2.26,3.85,1.71,1.40,2.28
comprehensive,6.76,2.26,1.87,1.56,1.36,2.21
importantly,6.76,2.26,3.07,1.33,1.26,2.56
purity,6.76,2.26,3.32,1.67,1.48,2.60
satisfied,6.76,2.26,5.10,1.30,1.30,2.47
spotless,6.76,2.26,1.42,2.13,1.42,1.91
articulately,6.75,2.25,2.35,1.27,1.21,2.54
glamour,6.75,2.25,3.41,1.53,1.29,2.88
accommodating,6.74,2.24,3.87,1.46,1.33,2.59
giddy,6.72,2.22,6.58,1.72,1.34,1.95
mesmerizing,6.72,2.22,4.82,1.51,1.38,2.84
well-kept,6.72,2.22,2.45,1.17,1.17,2.20
uniquely,6.72,2.22,2.73,1.67,1.32,2.65
coordinated,6.71,2.21,2.29,1.44,1.38,2.35
firstrate,6.71,2.21,2.84,2.14,1.59,2.66
expressive,6.70,2.20,4.24,1.17,1.10,2.40
succulent,6.70,2.20,4.83,1.74,1.50,2.31
luscious,6.69,2.19,4.73,2.11,1.12,2.86
calmer,6.69,2.19,5.31,1.60,1.40,2.43
savored,6.69,2.19,4.00,1.62,1.25,2.95
scenic,6.69,2.19,3.08,1.55,1.24,2.64
active,6.68,2.18,2.03,1.31,1.16,2.32
bon,6.68,2.22,3.00,1.84,1.49,2.57
improved,6.68,2.18,2.76,1.38,1.31,2.58
professionally,6.68,2.18,2.52,1.65,1.54,2.29
richness,6.68,2.18,2.41,1.52,1.17,2.10
handy,6.68,2.18,2.55,1.25,1.18,2.53
tantalizing,6.68,2.18,5.34,1.66,1.25,2.33
regal,6.66,2.19,3.12,2.02,1.35,2.15
utmost,6.66,2.16,3.46,1.68,1.55,2.77
easy,6.65,2.15,2.76,1.87,1.51,2.23
neatly,6.64,2.14,2.59,1.25,1.19,2.54
pageturner,6.64,2.14,3.55,1.99,1.49,2.52
aromatic,6.64,2.14,2.34,1.35,1.21,2.36
thrilling,6.64,2.14,6.68,2.10,1.06,2.17
timeless,6.64,2.14,3.05,1.91,1.31,2.79
highend,6.63,2.13,3.03,2.09,1.56,2.43
mature,6.63,2.13,2.96,1.90,1.28,2.41
unspoiled,6.61,2.11,2.80,1.23,1.17,2.25
advantageously,6.61,2.17,3.70,1.88,1.39,2.15
easily,6.60,2.10,1.81,1.80,1.46,1.71
humble,6.60,2.10,5.08,1.66,1.55,2.57
savor,6.60,2.10,4.06,1.38,1.09,2.76
worth,6.59,2.09,2.81,1.50,1.35,2.74
significance,6.59,2.09,2.43,1.95,1.29,2.30
distinguished,6.59,2.09,3.93,1.96,1.30,2.87
jazzy,6.58,2.08,3.33,1.84,1.11,2.96
aww,6.57,2.07,5.93,1.91,1.41,2.79
soulful,6.57,2.07,5.28,1.45,1.28,2.66
luxe,6.57,2.10,2.59,1.86,1.34,2.29
relief,6.56,2.06,6.15,1.39,1.34,2.63
essential,6.56,2.06,2.66,1.47,1.35,2.53
nifty,6.56,2.06,2.81,1.58,1.47,2.22
orderly,6.56,2.06,2.13,1.29,1.29,2.36
softheartedness,6.56,2.06,5.59,1.76,1.41,2.69
tasty,6.56,2.06,3.00,1.87,1.10,2.18
smooth,6.56,2.06,2.24,1.01,1.01,2.19
tremendously,6.56,2.06,4.46,1.91,1.38,2.50
intrigued,6.55,2.08,5.42,1.29,1.17,2.49
proud,6.52,2.02,5.65,1.90,1.24,2.95
easier,6.52,2.02,1.97,1.55,1.39,2.14
consistently,6.52,2.02,2.17,1.65,1.42,2.21
exceeds,6.52,2.02,2.90,1.84,1.45,2.68
affable,6.52,2.14,4.00,1.69,1.44,1.84
colorful,6.50,2.00,3.41,1.88,1.38,2.72
ethereal,6.50,2.03,3.92,1.65,1.38,2.47
fancier,6.50,2.00,3.93,1.57,1.32,2.27
humbled,6.50,2.00,4.96,1.85,1.66,2.95
lusciously,6.50,2.00,5.07,1.67,1.16,2.67
sumptuous,6.50,2.03,4.78,1.90,1.45,2.28
refined,6.48,1.98,3.11,1.76,1.12,2.19
humbling,6.48,1.98,6.13,1.90,1.26,2.37
richly,6.48,1.98,2.67,1.66,1.44,2.40
sincerity,6.48,1.98,4.87,1.73,1.33,2.93
richer,6.46,1.96,2.69,1.55,1.34,2.71
maintained,6.45,1.95,1.41,1.43,1.27,1.95
sensible,6.43,1.93,3.72,1.67,1.24,2.72
silky,6.42,1.92,2.38,1.33,0.89,2.35
absolutely,6.41,1.91,2.57,1.62,1.42,2.48
delicately,6.40,1.90,3.97,1.53,1.29,2.63
glistening,6.40,1.90,3.06,1.71,1.44,2.80
immaculately,6.40,1.90,2.79,2.55,1.41,2.63
mesmerized,6.40,1.90,5.13,1.47,1.36,2.90
sparkly,6.40,1.90,2.77,1.29,1.23,2.51
neat,6.39,1.89,2.97,1.40,1.10,2.72
contented,6.39,1.89,6.00,1.98,1.34,2.42
cordial,6.37,1.95,2.96,2.16,1.38,2.08
keen,6.36,1.86,3.44,1.28,1.15,2.56
zest,6.36,1.89,3.77,1.40,1.30,2.83
chic,6.36,1.86,2.11,1.63,1.42,2.36
classic,6.36,1.86,1.55,1.55,1.33,2.28
modest,6.36,1.86,4.03,1.44,1.26,2.39
natural,6.36,1.86,1.66,1.45,1.40,2.07
straightforward,6.36,1.86,2.83,1.79,1.42,2.62
practical,6.35,1.85,2.40,1.47,1.18,2.42
mellow,6.33,1.83,5.20,1.52,1.22,2.68
structured,6.33,1.83,1.81,1.07,1.07,1.87
virtuoso,6.32,1.82,3.03,1.59,1.35,2.71
peppy,6.32,1.82,4.63,1.52,1.36,2.48
lighthearted,6.29,1.79,5.50,2.08,1.36,2.21
exceeding,6.28,1.78,3.04,1.87,1.41,2.51
quintessential,6.28,1.78,3.63,1.46,1.36,2.95
invaluable,6.28,1.78,3.42,2.35,1.01,2.81
surprisingly,6.28,1.78,4.38,1.51,1.23,3.16
zesty,6.27,1.77,4.69,1.41,1.04,2.47
presidential,6.26,1.76,1.68,1.51,1.31,1.94
ample,6.26,1.76,2.63,1.81,1.31,2.27
favored,6.25,1.75,3.76,1.97,1.35,2.86
surpasses,6.25,1.75,3.00,1.80,1.15,2.58
manageable,6.24,1.74,1.71,1.23,1.17,1.93
muscular,6.24,1.74,0.86,1.67,1.42,1.64
stylish,6.24,1.74,2.32,1.79,1.25,2.39
meticulous,6.23,1.73,3.93,2.01,1.56,2.82
good-sized,6.21,1.71,2.45,1.34,1.19,2.85
timely,6.20,1.70,1.84,1.50,1.16,2.19
virtuousness,6.20,1.70,3.93,1.96,1.38,2.35
mystical,6.19,1.69,3.90,1.89,1.52,2.95
tantalize,6.19,1.69,4.84,1.96,1.32,2.82
craftiness,6.19,1.69,3.62,1.73,1.24,2.50
fastest,6.18,1.68,1.59,1.52,1.23,1.82
prefer,6.16,1.66,2.74,1.91,1.45,2.62
doable,6.15,1.65,2.00,1.22,1.11,2.03
lush,6.15,1.65,3.79,1.63,1.25,2.88
lavish,6.14,1.64,4.25,2.01,1.20,2.50
potent,6.14,1.64,3.72,1.69,1.45,2.84
evenhandedly,6.14,1.64,2.44,1.43,1.25,1.97
effortless,6.13,1.63,2.70,2.26,1.18,2.29
entranced,6.12,1.62,5.10,1.42,1.21,2.65
quick,6.12,1.62,1.58,1.94,1.45,2.05
zippy,6.12,1.62,3.04,2.07,1.44,2.80
faster,6.11,1.61,1.34,1.48,1.29,1.77
standout,6.11,1.61,2.76,1.59,1.23,2.49
scintillating,6.10,1.60,5.12,1.95,1.14,2.76
spontaneous,6.10,1.60,4.80,1.78,1.41,2.66
finely,6.09,1.59,2.44,1.73,1.36,2.22
ambient,6.09,1.62,3.21,1.69,1.28,2.27
fanciest,6.08,1.58,2.14,1.82,1.36,2.12
quietness,6.08,1.58,1.31,1.61,1.25,1.56
sleek,6.07,1.57,2.34,1.62,1.30,2.19
erotic,6.07,1.57,6.79,1.61,1.40,1.95
spunky,6.07,1.57,5.07,1.86,1.32,2.43
climactic,6.07,1.57,5.50,1.48,1.23,2.19
striking,6.07,1.57,5.80,2.48,1.43,2.34
engrossing,6.04,1.54,4.56,1.62,1.28,2.56
softer,6.04,1.54,2.51,1.32,1.11,1.99
spellbinding,6.03,1.53,4.88,2.18,1.56,3.33
chicness,6.00,1.50,2.83,2.06,1.32,2.60
indispensable,6.00,1.50,3.65,2.37,1.51,2.74
liberation,6.00,1.50,4.66,1.98,1.24,2.88
reachable,6.00,1.50,2.33,1.29,1.19,2.24
reasonably-priced,6.00,1.50,2.00,1.83,1.29,2.22
unforgettable,6.00,1.50,4.61,2.35,1.32,3.46
voluptuous,6.00,1.53,3.50,1.59,1.13,2.61
opulent,5.97,1.79,2.63,2.42,1.64,2.45
extravagant,5.97,1.47,5.30,2.31,1.50,2.93
sporty,5.97,1.47,2.41,1.99,1.40,2.58
faultless,5.96,1.46,3.00,2.36,1.30,2.60
robust,5.96,1.46,2.92,2.07,1.38,2.34
seductive,5.93,1.43,5.76,1.82,1.28,2.27
sublime,5.90,1.40,4.23,2.24,1.37,2.93
reverential,5.90,1.47,3.54,1.84,1.33,2.90
eclectic,5.90,1.40,3.83,1.70,1.28,2.42
opulence,5.89,1.72,3.55,2.07,1.26,2.52
leisurely,5.88,1.38,3.03,1.45,1.17,2.47
knack,5.87,1.37,1.96,1.84,1.23,1.90
meticulously,5.86,1.36,2.75,1.86,1.44,2.07
gigantic,5.84,1.34,2.42,1.37,1.24,2.65
unpretentious,5.81,1.31,2.81,2.32,1.19,2.41
cosmopolitan,5.80,1.30,1.55,1.89,1.38,1.95
uncrowded,5.80,1.30,1.13,2.06,1.26,1.74
thrill,5.76,1.26,5.93,1.81,1.12,2.34
quieter,5.74,1.24,2.37,1.46,1.04,2.36
techy,5.69,1.19,1.58,1.23,0.96,2.11
convincingly,5.68,1.18,2.28,1.75,1.22,1.93
laidback,5.68,1.18,3.00,1.28,0.93,2.44
pivotal,5.68,1.18,3.27,1.35,1.02,2.57
immense,5.66,1.16,3.72,1.62,1.40,2.76
unobtrusive,5.66,1.16,3.53,1.61,1.28,2.19
seamless,5.64,1.14,2.48,1.70,1.12,2.55
surprised,5.64,1.14,5.48,1.38,0.96,2.36
vast,5.63,1.13,1.79,1.64,1.04,2.09
quiet,5.60,1.10,1.83,1.63,1.21,2.14
swanky,5.59,1.09,3.68,1.72,1.11,2.54
nostalgic,5.52,1.02,6.90,1.81,1.27,2.23
crispy,5.50,1.00,1.60,1.91,1.34,2.11
unbeatable,5.48,0.98,3.62,2.74,1.41,2.60
tireless,5.48,0.98,3.42,1.71,1.26,2.50
instructional,5.36,0.86,1.77,1.70,1.21,2.50
unequaled,5.36,0.86,2.10,2.41,1.28,2.48
canny,5.34,0.91,3.35,1.27,0.84,2.04
comely,5.33,1.44,3.20,2.22,1.33,2.01
immersed,5.33,0.83,3.60,2.06,1.36,2.54
inexpensive,5.33,0.83,1.24,2.29,1.52,1.60
quirky,5.33,0.83,3.73,1.82,1.15,2.02
competitive,5.32,0.82,5.04,1.60,1.13,2.24
ahhhh,5.24,0.74,5.80,1.94,1.37,3.00
alike,5.24,0.74,2.04,1.30,1.00,2.08
theatrical,5.23,0.73,5.27,1.43,1.01,2.60
feel,5.20,0.70,6.42,1.44,1.15,2.93
propel,5.16,0.66,2.07,1.89,1.38,2.59
pampered,5.14,0.64,4.10,2.22,1.29,2.83
feisty,5.12,0.62,5.34,1.96,1.34,2.72
poignant,5.11,0.86,4.30,2.13,1.27,2.84
plushy,5.08,0.58,1.64,2.14,1.43,2.26
watchful,5.08,0.58,2.23,1.55,0.94,2.12
tempting,5.07,0.57,5.45,1.76,1.10,2.68
sensitive,5.04,0.54,5.83,1.82,1.21,2.41
bustling,5.00,0.69,2.68,1.44,0.99,2.82
esoteric,5.00,0.50,3.20,1.59,1.05,2.10
traditional,4.97,0.47,2.27,1.82,1.19,2.57
hankering,4.94,0.44,4.33,1.52,1.04,2.83
spectacle,4.94,0.44,3.23,2.32,1.47,2.85
formidable,4.93,0.43,4.27,2.34,1.37,2.99
eccentric,4.92,0.42,3.95,1.73,1.19,2.88
spicy,4.92,0.42,3.19,1.71,1.15,2.66
challenging,4.84,0.34,3.94,1.75,1.19,2.39
lofty,4.83,0.92,2.97,2.06,1.15,2.50
dainty,4.82,0.50,3.40,1.82,1.16,2.47
discrete,4.78,0.28,2.14,1.28,0.80,1.77
heady,4.77,0.56,2.69,1.72,1.00,2.77
splurged,4.76,0.26,2.52,1.81,1.00,2.29
gilded,4.75,0.53,1.88,2.07,1.16,2.33
minimalistic,4.75,0.25,2.41,2.15,1.33,2.90
tangy,4.72,0.22,1.38,1.81,1.17,1.85
talkative,4.68,0.18,2.23,1.82,1.12,2.42
conventional,4.68,0.18,1.69,1.56,0.98,2.05
subtle,4.64,0.14,2.76,1.87,1.18,2.79
decadent,4.61,0.53,4.90,2.49,1.48,2.65
homey,4.60,0.10,3.32,2.20,1.24,2.59
innervation,4.60,0.78,4.00,1.44,0.96,2.42
pollyannaish,4.58,1.17,5.41,2.07,1.31,2.56
discretion,4.48,0.02,2.06,1.48,1.05,2.11
concerned,4.44,0.06,5.76,1.94,1.19,2.53
obvious,4.43,0.07,1.97,1.23,0.74,2.08
profuse,4.42,0.08,3.77,1.93,1.26,2.83
deliberately,4.41,0.09,3.18,1.65,1.14,2.57
jacked,4.40,0.10,3.87,2.50,1.48,3.05
unbelievable,4.40,0.10,4.74,1.83,1.06,2.71
serious,4.36,0.14,4.81,1.63,1.01,2.37
hmmm,4.33,0.17,2.15,1.57,1.12,2.84
average,4.32,0.18,2.11,0.75,0.37,2.16
endlessly,4.32,0.18,2.30,2.19,1.35,2.17
blunt,4.28,0.22,4.50,1.99,1.30,2.58
ambiguous,4.28,0.22,3.11,1.59,1.07,2.39
bearable,4.28,0.22,4.45,1.57,1.08,2.46
extreme,4.28,0.22,4.58,0.84,0.50,3.14
predictable,4.26,0.24,3.17,1.65,0.97,2.45
flush,4.24,0.26,3.18,1.85,1.19,2.85
capricious,4.23,0.82,4.42,1.98,1.00,2.00
derivative,4.19,0.31,1.52,1.75,1.13,1.72
basic,4.13,0.38,1.35,1.68,1.26,1.47
sorry,4.10,0.40,5.30,2.49,1.39,2.67
utterly,4.07,0.43,3.26,1.83,1.19,2.97
excessively,3.97,0.53,3.46,2.13,1.30,2.60
precipitous,3.97,0.53,2.96,1.72,1.16,2.34
sporadic,3.89,0.61,1.62,1.59,1.22,2.11
trivial,3.89,0.61,3.38,1.52,1.12,2.78
hullabaloo,3.88,1.20,3.83,2.30,1.04,3.12
lax,3.85,0.83,2.46,2.04,1.22,2.22
fictitious,3.82,0.68,1.78,1.70,1.21,2.22
exorbitant,3.79,1.26,5.24,2.11,1.22,2.89
weird,3.78,0.72,4.51,1.63,1.09,2.45
indifferent,3.75,0.75,3.07,1.27,1.04,2.69
insisting,3.71,0.79,4.00,1.68,1.02,2.44
exaggerate,3.68,0.82,3.67,1.60,1.13,2.13
nonsensical,3.64,0.86,3.19,2.04,1.08,2.37
lengthy,3.63,0.87,1.73,1.40,1.04,1.96
antiquated,3.62,0.88,2.87,2.14,1.35,2.36
superstitious,3.61,0.89,4.34,1.26,0.98,3.10
vaguely,3.61,0.89,1.34,1.47,1.17,1.49
gamey,3.56,0.94,2.43,1.16,0.78,2.71
mushy,3.56,0.94,6.37,1.83,1.29,2.21
pretends,3.56,0.94,2.35,1.50,1.04,2.27
blithely,3.53,1.58,4.93,2.46,1.43,2.61
archaic,3.52,0.98,2.44,2.10,1.53,2.60
contention,3.52,0.98,4.86,1.70,0.96,2.54
eh,3.52,0.98,2.90,1.25,1.11,2.73
loosely,3.52,0.98,1.74,1.40,1.07,2.05
indistinct,3.50,1.00,2.17,1.59,1.24,1.82
puzzling,3.48,1.02,3.80,1.29,0.98,2.72
inglorious,3.48,1.02,4.57,2.29,1.35,2.83
cheap,3.47,1.03,3.13,2.36,1.55,2.27
meh,3.46,1.04,2.88,1.68,1.11,2.76
inflated,3.44,1.06,2.10,2.04,1.53,2.30
judgement,3.44,1.06,3.31,1.93,1.32,2.20
pale,3.43,1.07,1.93,1.48,1.20,1.84
restraining,3.40,1.10,3.84,1.87,1.21,2.62
shocked,3.40,1.10,6.37,1.15,0.91,2.22
remorse,3.37,1.13,6.37,2.34,1.34,2.61
rigid,3.36,1.14,3.74,1.80,1.26,2.82
boast,3.36,1.14,4.38,1.64,1.06,2.56
exaggerated,3.34,1.16,4.59,1.61,1.14,2.90
inexplicable,3.32,1.18,3.37,1.55,1.32,2.91
judge,3.31,1.19,3.04,1.91,1.26,2.51
outrageous,3.31,1.19,6.35,1.85,1.33,2.28
soupy,3.28,1.22,1.23,1.17,1.08,1.90
interminably,3.26,1.35,2.07,1.55,1.27,2.14
amateur,3.21,1.29,2.21,1.45,1.26,2.21
jittery,3.21,1.29,4.66,1.26,1.04,3.23
mediocre,3.21,1.29,3.34,1.55,1.25,2.51
jumpy,3.21,1.29,4.63,1.57,1.23,2.51
laborious,3.19,1.44,3.54,1.87,1.12,2.89
lamentably,3.19,1.31,5.29,1.98,1.15,2.81
flighty,3.16,1.34,4.60,1.68,1.11,2.66
apathetic,3.15,1.53,4.48,1.95,1.25,3.32
abrupt,3.13,1.37,4.17,1.43,1.16,2.67
marginally,3.13,1.37,2.33,1.43,1.25,2.01
bizarre,3.12,1.38,4.11,1.48,1.20,2.50
militant,3.12,1.38,3.11,2.17,1.50,2.63
redundant,3.11,1.39,2.07,1.59,1.23,2.34
intemperately,3.10,1.53,3.20,1.78,1.27,2.15
incessantly,3.10,1.44,3.89,1.81,1.15,2.52
uneven,3.10,1.40,2.00,1.19,1.11,2.41
overconfident,3.04,1.46,4.22,1.46,1.15,2.61
awkward,3.04,1.46,4.68,1.58,1.11,2.57
disbelief,3.04,1.46,5.11,1.76,1.25,2.48
tired,3.04,1.46,3.00,1.79,1.46,2.59
intemperate,3.03,1.47,3.54,1.45,1.23,2.46
boiling,3.00,1.50,3.50,1.59,1.29,2.84
bragging,3.00,1.50,4.72,1.54,1.12,2.28
costly,3.00,1.50,2.03,1.36,0.86,2.18
needless,3.00,1.50,3.65,1.75,1.22,2.67
unbelieving,3.00,1.50,3.13,1.69,1.28,2.62
juvenile,2.97,1.53,3.69,1.67,1.26,2.78
bland,2.97,1.53,3.43,1.30,1.02,3.06
excessive,2.97,1.53,3.81,1.57,1.17,2.80
childish,2.96,1.54,5.19,1.59,1.04,2.06
defensive,2.96,1.54,6.24,1.88,1.19,2.27
overrate,2.93,1.57,3.03,1.27,1.07,2.64
unfortunately,2.93,1.57,3.17,1.74,1.14,2.69
dodgy,2.93,1.57,4.46,1.71,0.97,2.38
softheaded,2.93,1.57,4.10,1.96,1.48,2.71
exaggerating,2.92,1.58,3.59,1.87,1.29,2.13
less,2.92,1.58,1.19,1.71,1.19,1.66
uneventful,2.91,1.59,1.85,1.71,1.34,2.20
awkwardly,2.88,1.62,4.66,1.33,1.16,2.44
confusing,2.88,1.62,4.19,1.20,1.20,2.60
roughly,2.88,1.62,3.11,2.05,1.47,2.63
obsessional,2.88,1.71,5.68,1.84,1.32,2.64
unseasoned,2.88,1.63,1.27,1.77,1.22,1.59
erratic,2.87,1.63,5.27,1.93,1.12,2.95
contrary,2.87,1.63,2.73,1.48,1.31,2.53
outlandish,2.87,1.63,5.67,1.59,1.35,2.23
unremarkable,2.87,1.63,3.40,2.08,1.33,2.49
hasty,2.86,1.64,4.70,1.60,1.29,2.45
lackadaisical,2.85,1.65,3.57,1.79,1.15,2.56
ridiculous,2.85,1.65,4.77,1.85,1.37,2.68
contrived,2.85,1.74,4.09,1.69,1.29,2.57
fuddled,2.85,1.65,4.31,1.43,1.16,2.72
slow,2.84,1.66,2.44,1.71,1.27,2.48
dubious,2.84,1.66,4.38,2.10,1.25,2.52
objectionable,2.84,1.66,3.24,1.82,1.33,2.49
outweighed,2.84,1.66,1.00,1.49,1.28,1.79
hard,2.84,1.66,2.80,1.66,1.43,2.38
skimpy,2.84,1.66,2.77,1.46,1.30,2.51
naive,2.82,1.68,3.48,1.25,1.14,2.65
salacious,2.81,1.78,4.64,1.77,1.49,2.62
questionable,2.80,1.70,3.13,1.50,1.45,2.37
spotty,2.80,1.70,2.50,1.22,1.22,2.10
vehement,2.79,1.74,5.85,1.68,1.42,2.70
declined,2.79,1.71,2.69,1.34,1.24,2.54
fruitless,2.79,1.71,3.03,1.50,0.92,2.71
impractical,2.79,1.71,2.17,1.62,1.23,2.35
irregular,2.78,1.72,2.04,1.68,1.32,2.20
authoritarian,2.78,1.72,3.66,2.15,1.47,2.49
baffling,2.77,1.73,5.13,1.56,1.26,2.80
miniscule,2.77,1.73,2.40,1.61,1.45,1.85
outdated,2.76,1.74,2.03,1.67,1.08,2.34
undue,2.76,1.74,1.45,1.76,1.42,1.76
vacuous,2.76,1.74,3.81,1.69,1.42,2.47
instigate,2.75,1.75,3.61,1.58,1.35,2.59
dopy,2.74,1.76,4.27,1.53,1.28,2.81
shockingly,2.72,1.78,6.89,1.83,1.28,2.06
exhausted,2.71,1.79,4.31,1.27,1.16,2.85
mistakenly,2.71,1.79,2.21,1.41,1.31,2.01
muddy,2.71,1.79,1.82,1.38,1.28,2.13
unclear,2.71,1.79,1.80,1.35,1.25,2.07
unnecessary,2.71,1.79,2.30,1.49,1.45,2.34
absent,2.70,1.80,2.18,1.44,1.22,1.89
unlikely,2.70,1.80,2.67,1.62,1.41,2.14
avoided,2.69,1.81,3.22,1.61,1.43,2.85
bothered,2.68,1.82,5.48,1.31,1.00,2.67
lacking,2.68,1.82,3.31,1.28,1.22,2.44
offense,2.68,1.82,4.45,1.93,1.38,2.91
testy,2.68,1.82,4.97,1.39,1.39,2.57
meager,2.68,1.82,3.17,1.70,1.25,2.58
tenuous,2.66,1.84,4.29,1.45,1.40,2.16
overworked,2.64,1.86,3.86,1.47,1.26,2.80
unsubstantial,2.64,1.86,1.83,1.42,1.26,1.91
stupefying,2.63,1.87,4.97,1.57,1.18,2.50
amateurish,2.63,1.88,3.08,1.52,1.07,2.50
lumpy,2.62,1.88,1.50,1.50,1.04,2.06
misanthropic,2.62,2.40,4.50,2.06,1.34,2.66
mundane,2.62,1.88,2.96,1.52,1.15,2.57
blandish,2.62,1.88,2.94,1.70,1.39,2.00
immobile,2.61,1.89,1.70,1.28,1.18,1.73
morose,2.61,1.89,5.31,1.53,1.13,2.80
mistake,2.61,1.89,2.59,1.40,1.23,2.38
confused,2.60,1.90,4.90,1.19,1.12,2.61
stereotypical,2.60,1.90,3.26,1.78,1.27,2.93
desperately,2.59,1.91,7.65,2.15,1.27,1.35
lambaste,2.59,1.94,5.37,1.88,1.19,1.97
distracting,2.58,1.92,3.60,1.59,1.25,2.54
erroneously,2.58,1.95,2.71,1.16,1.10,2.62
pallid,2.58,1.95,2.83,1.41,1.23,1.99
boring,2.57,1.93,4.69,1.32,1.26,2.75
uncomprehensible,2.57,1.93,2.59,1.35,1.23,2.32
judging,2.56,1.94,4.06,1.89,1.19,2.62
marred,2.56,1.94,3.16,2.12,1.13,2.72
lamentable,2.56,1.94,5.47,1.64,1.24,2.59
wary,2.55,1.95,5.07,1.31,1.21,2.24
nonmeaningful,2.54,1.96,2.21,1.26,1.20,2.32
unhappy,2.54,1.96,6.66,2.20,1.54,2.51
uninventive,2.54,1.96,2.66,1.37,1.37,2.29
strained,2.53,1.97,4.31,1.68,1.01,2.88
premature,2.52,1.98,2.96,1.30,1.30,3.03
difficult,2.52,1.98,3.43,1.63,1.35,2.51
daftness,2.50,2.00,3.97,1.63,1.41,2.01
disinterested,2.50,2.00,3.77,1.50,1.20,3.15
fishy,2.48,2.02,3.93,1.28,1.15,2.59
inconvenienced,2.48,2.02,3.26,1.50,1.09,2.65
flaws,2.47,2.03,3.04,1.22,1.10,2.55
meaningless,2.46,2.04,4.17,1.50,1.21,2.98
preposterous,2.46,2.04,5.29,1.79,1.33,2.80
ridiculously,2.46,2.04,4.90,1.43,1.19,2.69
spoiled,2.46,2.04,4.28,1.90,1.33,2.86
convoluted,2.46,2.04,3.52,1.58,1.21,1.99
feeble,2.45,2.05,4.15,1.82,1.44,2.35
bored,2.44,2.06,4.03,1.12,1.12,2.98
cheaply,2.44,2.06,2.35,1.64,1.40,2.39
cocky,2.44,2.06,5.51,1.89,1.31,2.64
mediocrity,2.44,2.06,2.26,1.26,1.19,2.34
cluttered,2.44,2.06,2.81,1.76,1.29,2.61
numb,2.43,2.07,4.87,1.48,1.38,2.75
afraid,2.43,2.07,7.24,1.32,1.26,1.99
misfortunate,2.43,2.07,4.00,1.35,1.29,2.80
sulky,2.43,2.07,5.72,1.55,1.33,2.58
cumbersome,2.42,2.11,3.83,1.38,1.17,2.40
melodramatic,2.42,2.08,5.89,1.60,1.31,2.46
foolhardy,2.42,2.08,3.96,1.40,1.25,2.73
interfering,2.42,2.08,3.63,1.75,1.25,2.48
forgetful,2.40,2.10,2.52,1.55,1.44,2.47
lackluster,2.40,2.10,3.57,1.59,1.21,2.91
overpowered,2.40,2.10,4.48,1.41,1.35,2.68
dull,2.39,2.11,3.90,1.62,1.34,2.66
catty,2.38,2.12,6.03,1.47,1.18,2.16
underwhelmed,2.37,2.13,3.92,2.00,1.28,2.46
unwitting,2.37,2.13,4.20,1.85,1.47,2.59
clunky,2.36,2.14,2.26,1.35,1.35,2.25
noisy,2.36,2.14,2.16,1.44,1.31,2.16
unbalanced,2.36,2.14,3.04,1.22,1.22,2.67
unsophisticated,2.36,2.14,3.21,1.39,1.06,2.74
flimsy,2.35,2.15,2.60,1.38,1.08,2.76
uninterested,2.35,2.15,3.37,1.38,1.38,2.39
confuse,2.34,2.16,4.26,1.34,1.28,2.60
woe,2.34,2.16,5.60,2.28,1.29,2.87
vapid,2.34,2.30,5.08,1.73,1.48,2.31
vexatious,2.32,2.26,5.59,1.76,1.45,2.39
sloshed,2.32,2.18,2.91,1.39,1.35,2.41
weirdo,2.32,2.18,4.70,1.87,1.45,2.87
doubt,2.32,2.18,4.34,1.54,1.49,3.30
unrealistic,2.32,2.18,2.59,1.16,1.16,2.63
unwilling,2.32,2.18,3.14,1.33,1.27,2.70
subpar,2.32,2.18,1.83,1.91,1.44,1.97
unoriginal,2.32,2.18,2.03,1.38,1.31,2.16
disconnected,2.31,2.19,3.73,1.69,1.29,3.09
erroneous,2.31,2.19,2.54,1.98,1.23,2.44
meagerly,2.31,2.19,2.92,1.39,1.27,2.10
chubby,2.30,2.20,2.47,1.91,1.70,2.71
bleh,2.30,2.20,5.03,1.81,1.43,2.51
underwhelming,2.30,2.20,3.43,2.20,1.32,2.51
absurd,2.29,2.21,4.23,1.16,1.16,3.10
denounce,2.29,2.21,4.07,1.56,1.39,2.83
regretted,2.29,2.21,6.00,1.49,1.24,2.45
unreasonable,2.29,2.21,3.86,1.15,1.15,2.80
unfitting,2.28,2.22,3.12,1.22,1.03,2.41
embarrassed,2.28,2.22,7.66,1.67,1.19,1.56
forgettable,2.28,2.22,3.16,1.46,1.39,2.90
overreacting,2.28,2.22,5.82,1.43,1.36,2.85
unredeemed,2.28,2.22,3.30,1.51,1.38,2.45
cockeyed,2.26,2.24,2.73,1.32,1.19,2.65
garish,2.26,2.27,4.12,1.61,1.35,2.72
deficient,2.25,2.25,3.66,1.43,1.09,2.42
impertinent,2.25,2.25,3.41,1.67,1.39,2.75
problematical,2.25,2.25,3.88,1.78,1.05,2.50
uninteresting,2.25,2.25,3.34,1.38,1.18,2.36
unusable,2.25,2.25,2.00,1.53,1.21,2.14
bungling,2.24,2.32,3.59,1.95,1.41,2.48
overplayed,2.24,2.26,4.20,1.53,1.15,2.28
rattled,2.24,2.26,5.26,1.30,1.24,2.55
nonsense,2.24,2.26,2.56,1.05,1.05,2.47
sketchy,2.24,2.26,3.52,1.94,1.13,2.44
menial,2.23,2.27,2.73,1.41,1.29,2.01
unserviceable,2.23,2.27,2.40,1.38,1.33,2.19
unneeded,2.22,2.28,3.08,1.41,1.24,2.99
overweight,2.21,2.29,3.41,1.29,1.29,2.82
chintzy,2.21,2.32,3.30,1.53,1.39,2.70
blah,2.20,2.30,4.57,1.37,1.32,2.60
clumsy,2.20,2.30,2.07,1.19,1.11,2.33
poorly,2.20,2.30,3.42,1.80,1.18,2.61
sore,2.20,2.30,2.21,1.50,1.36,2.72
superficial,2.20,2.30,3.15,2.20,1.16,2.48
detached,2.19,2.31,4.40,1.30,1.18,2.97
haphazard,2.19,2.31,3.48,1.45,1.06,3.02
contradictory,2.19,2.31,2.72,1.38,1.26,2.19
frayed,2.19,2.31,2.46,1.26,1.21,2.80
incomprehensible,2.19,2.31,3.60,1.31,1.12,2.96
inattentive,2.18,2.32,2.62,1.06,1.06,2.72
inefficient,2.18,2.32,2.41,1.19,0.94,2.58
unfair,2.18,2.32,4.66,1.56,1.39,2.69
unfriendly,2.18,2.32,4.93,1.74,1.40,2.81
bashing,2.16,2.34,4.56,2.23,1.29,2.08
begrudge,2.16,2.34,6.59,1.55,1.17,1.91
bother,2.16,2.34,4.67,1.55,1.34,1.84
cramped,2.16,2.34,3.00,1.18,1.09,2.34
dismissive,2.16,2.34,5.03,1.31,1.31,2.63
tiresome,2.16,2.34,4.15,1.14,1.05,2.38
unconvincing,2.16,2.34,3.19,1.28,1.28,2.66
slowest,2.15,2.35,2.14,1.38,1.38,2.39
severe,2.14,2.36,4.79,1.78,1.44,2.98
slimy,2.14,2.36,4.75,1.48,1.22,2.73
stinky,2.14,2.36,2.86,1.99,1.38,2.72
pudgy,2.13,2.37,3.63,1.46,1.40,2.79
slipshod,2.13,2.40,3.54,1.72,1.24,2.85
maladjusted,2.13,2.37,3.90,1.42,1.31,2.20
looney,2.13,2.38,5.15,1.90,1.34,2.78
dingy,2.12,2.38,1.90,1.92,1.41,1.93
frightfully,2.12,2.38,6.42,1.94,1.36,2.35
improper,2.12,2.38,3.05,1.48,1.34,2.73
ineffective,2.12,2.38,2.00,1.83,1.37,2.12
uncomfortable,2.12,2.38,5.29,1.24,1.24,2.66
incorrect,2.11,2.39,1.79,1.25,1.25,2.11
bogus,2.11,2.39,3.55,0.79,0.79,2.59
insufferable,2.11,2.39,6.07,1.52,1.26,2.51
overrated,2.10,2.40,3.26,1.42,1.30,2.25
disjointed,2.10,2.40,3.57,1.67,1.56,1.85
fools,2.10,2.40,4.07,1.33,1.26,2.73
noisiest,2.09,2.41,3.92,1.28,1.22,3.33
peeved,2.08,2.42,6.24,1.29,1.29,2.45
unhinged,2.08,2.42,4.69,1.75,1.57,3.47
unmanageable,2.08,2.42,4.39,1.53,1.46,2.79
chump,2.07,2.43,3.50,1.30,1.22,2.64
cockamamie,2.07,2.43,4.50,1.17,1.17,2.90
futile,2.07,2.43,3.54,1.65,1.10,2.33
offence,2.07,2.43,3.76,1.72,1.20,2.67
stale,2.07,2.43,2.42,2.00,1.24,2.39
brutish,2.06,2.44,4.92,1.15,1.15,2.18
inaccurate,2.06,2.44,1.96,1.27,1.06,2.18
overcooked,2.06,2.44,1.19,1.29,1.09,1.74
annoyance,2.06,2.44,5.55,1.16,1.16,2.49
indolent,2.06,2.44,3.88,1.23,1.23,2.52
disorderly,2.04,2.46,3.24,1.43,1.27,2.32
lusterless,2.04,2.46,2.14,1.46,1.38,2.70
shabby,2.04,2.46,2.55,1.40,1.32,2.33
suspicious,2.04,2.46,4.89,1.43,1.27,2.97
unacceptable,2.04,2.46,3.74,1.74,1.03,2.60
arrogance,2.04,2.46,5.90,1.69,1.31,2.60
frustrated,2.04,2.46,6.21,1.32,1.25,1.93
jarring,2.04,2.46,5.68,1.73,1.43,2.39
inedible,2.03,2.47,2.00,1.74,1.39,2.73
unimpressed,2.03,2.47,2.89,1.35,1.28,2.58
wannabe,2.03,2.47,4.55,1.68,1.51,2.35
perturbing,2.03,2.47,5.57,1.59,1.41,2.66
peevish,2.03,2.47,5.72,1.12,1.12,2.17
unsufferable,2.03,2.47,5.77,1.66,1.58,2.80
airheaded,2.00,2.50,3.59,1.47,1.40,2.57
cheerless,2.00,2.50,5.45,1.47,1.40,2.73
drab,2.00,2.50,2.57,1.03,1.04,2.38
freakish,2.00,2.50,5.39,1.61,1.54,3.15
immature,2.00,2.50,4.97,1.52,1.16,2.63
indignation,2.00,2.50,5.71,1.36,1.30,2.54
messy,2.00,2.50,3.00,1.56,1.15,2.84
overbearing,2.00,2.50,4.61,1.58,1.19,2.73
patronize,2.00,2.50,4.65,1.98,1.28,2.69
patronizing,2.00,2.50,5.19,1.83,1.15,2.60
petty,2.00,2.50,5.10,1.25,1.09,2.76
pushy,2.00,2.50,5.50,1.41,1.16,3.04
sad,2.00,2.50,6.88,1.74,1.30,2.53
stereotyped,2.00,2.50,3.71,1.87,1.22,3.23
tactless,2.00,2.53,3.96,1.49,1.38,2.43
weak,2.00,2.50,4.21,1.72,1.42,3.08
blight,1.97,2.53,3.92,1.87,1.42,2.98
sordid,1.97,2.65,4.57,1.60,1.42,2.07
uninspired,1.97,2.53,3.27,1.20,0.98,2.97
unenlightened,1.97,2.53,3.50,1.30,1.30,2.76
inflexible,1.97,2.53,3.70,1.33,1.26,2.91
helpless,1.97,2.53,6.15,1.43,1.29,2.36
loony,1.97,2.53,5.30,1.82,1.26,2.70
discourtesy,1.96,2.54,4.32,1.48,1.48,2.52
inconvenient,1.96,2.54,2.97,1.26,1.26,2.13
denial,1.96,2.54,4.93,1.31,1.31,2.51
groaning,1.96,2.54,3.52,1.37,1.37,2.73
senseless,1.96,2.54,3.63,1.49,1.25,2.82
devoid,1.94,2.56,2.78,1.36,1.30,2.69
clueless,1.94,2.56,3.12,1.52,1.21,2.85
drivel,1.94,2.56,4.13,1.25,1.25,2.50
frustration,1.94,2.56,6.60,1.15,1.15,2.11
sneaky,1.94,2.56,4.50,1.15,1.15,2.90
unresponsive,1.94,2.56,2.43,1.34,1.27,2.21
petulant,1.93,2.57,4.88,1.36,1.29,2.24
substandard,1.93,2.57,4.00,1.20,1.12,2.36
rudely,1.93,2.57,5.69,1.54,1.33,2.49
venomous,1.93,2.57,4.61,2.23,1.34,3.29
embarrass,1.93,2.57,6.45,1.21,1.12,2.33
impossible,1.93,2.57,3.46,1.64,1.37,2.46
scratchy,1.92,2.58,1.70,0.95,0.95,1.90
snooty,1.92,2.58,4.86,1.29,1.29,2.69
foolish,1.91,2.59,4.68,1.37,1.26,2.65
disorganized,1.91,2.59,2.69,1.30,1.24,2.71
offend,1.90,2.60,5.47,1.58,1.26,2.39
unsatisfied,1.90,2.60,4.27,1.25,1.25,2.57
godforsaken,1.90,2.60,4.90,1.94,1.43,3.18
pitiable,1.90,2.60,5.57,1.40,1.40,2.53
pressured,1.90,2.60,6.00,1.16,1.16,2.20
embarrassing,1.90,2.60,7.37,1.86,1.30,1.76
soggy,1.90,2.60,2.07,1.47,1.34,2.45
desperate,1.89,2.61,6.83,1.10,1.10,2.33
smutty,1.88,2.62,3.42,2.19,1.38,2.80
infantile,1.88,2.63,3.80,1.65,1.35,2.75
galling,1.87,2.63,5.44,1.72,1.43,2.49
insensitive,1.86,2.64,5.15,1.73,1.27,2.63
mindless,1.86,2.64,3.59,1.36,1.28,2.95
badgering,1.86,2.64,4.34,1.15,1.15,2.45
bollocks,1.86,2.68,3.35,1.42,1.36,2.92
woefully,1.86,2.64,5.60,1.56,1.42,2.27
agitative,1.85,2.65,5.53,1.49,1.07,2.38
offended,1.85,2.65,5.97,1.35,1.35,2.40
contempt,1.84,2.66,6.16,1.97,1.50,2.73
inferior,1.84,2.66,4.53,1.65,1.35,2.99
odoriferous,1.84,2.66,2.82,1.56,1.41,2.31
paranoid,1.84,2.66,6.42,1.31,1.31,2.54
uncomfortableness,1.84,2.66,4.78,1.46,1.21,2.22
unsatisfactory,1.84,2.66,4.15,1.11,1.11,2.77
vain,1.84,2.66,4.74,1.57,1.15,2.57
condescending,1.84,2.66,6.33,2.13,1.28,2.01
unappealing,1.84,2.66,4.30,1.32,1.25,2.84
ludicrous,1.83,2.67,5.70,1.51,1.38,2.22
dislike,1.82,2.68,5.38,1.39,1.39,2.50
illiterate,1.82,2.68,1.72,1.39,1.32,2.20
uncivilized,1.82,2.68,4.24,1.25,1.25,2.72
unappetizing,1.81,2.69,3.15,1.47,1.12,3.22
unconscionable,1.81,2.69,4.24,1.74,1.33,2.39
annoyances,1.80,2.70,5.30,1.71,1.12,2.09
condescend,1.80,2.70,4.89,1.38,1.11,2.15
flavorless,1.80,2.70,2.60,1.58,1.52,2.37
measly,1.80,2.70,4.29,1.04,1.04,2.88
tacky,1.80,2.70,2.62,1.44,1.36,2.47
pretentious,1.79,2.71,4.78,1.57,1.12,2.53
unimaginative,1.79,2.71,2.33,1.40,1.33,2.27
unsound,1.79,2.71,3.31,1.15,1.15,2.65
deceptive,1.79,2.71,5.14,1.55,1.25,2.77
disturbing,1.79,2.71,6.90,1.34,1.27,2.44
grossly,1.79,2.71,5.28,1.55,1.41,2.67
uninviting,1.78,2.72,3.65,1.04,1.04,2.73
worrisome,1.78,2.72,5.68,1.09,1.09,2.27
lowest,1.77,2.73,2.43,1.52,1.46,2.51
distressingly,1.77,2.73,6.54,1.50,1.13,2.40
broken,1.76,2.74,4.23,1.13,1.13,2.92
frustrate,1.76,2.74,7.08,1.05,0.94,1.70
insecure,1.76,2.74,5.32,1.01,1.01,2.69
problematic,1.76,2.74,3.51,1.30,1.30,2.74
saddened,1.76,2.74,6.41,1.56,1.12,2.00
sloppy,1.76,2.74,3.42,1.23,1.23,2.85
tedious,1.76,2.74,3.16,1.20,1.20,2.57
unhelpful,1.76,2.74,3.22,1.30,1.30,2.71
unsatisfying,1.76,2.74,4.71,1.39,1.31,2.64
insufficient,1.76,2.74,2.96,1.46,1.46,2.84
fool,1.75,2.75,4.45,1.17,1.17,2.73
scaring,1.75,2.75,5.48,1.53,1.14,2.16
shamed,1.75,2.75,6.10,1.17,1.17,2.58
inappropriate,1.75,2.75,3.78,1.27,1.21,2.53
meritless,1.74,2.76,2.83,1.12,1.12,2.46
mocking,1.74,2.76,5.13,1.50,1.15,2.15
snobby,1.74,2.76,5.17,1.63,1.31,2.70
exhausting,1.73,2.77,5.70,1.20,1.12,2.20
grievous,1.73,2.77,6.19,1.40,1.40,2.24
smelly,1.73,2.77,1.92,1.54,1.35,2.06
pointless,1.72,2.78,2.67,1.71,1.38,2.27
false,1.72,2.78,2.89,1.31,1.31,2.82
flawed,1.72,2.78,3.30,1.17,1.17,2.28
incapable,1.72,2.78,3.26,1.46,1.38,2.85
irritate,1.72,2.78,6.32,1.46,1.19,2.33
pained,1.72,2.78,6.52,1.54,1.29,2.13
scary,1.72,2.78,6.06,1.93,1.22,2.56
displeasure,1.72,2.78,6.19,1.17,1.09,2.28
aggravation,1.71,2.79,6.34,1.15,1.15,2.24
fake,1.71,2.79,3.86,1.38,1.38,3.22
rudest,1.71,2.79,5.10,1.86,1.32,2.90
suck,1.71,2.79,3.28,1.58,1.37,3.21
egotistic,1.71,2.79,5.65,1.35,0.93,2.87
off-putting,1.70,2.80,5.40,1.56,1.35,2.34
irksome,1.69,2.81,5.67,1.00,1.00,2.09
troublesome,1.69,2.81,5.87,1.58,1.12,2.10
conceited,1.69,2.81,6.00,1.33,1.18,2.36
misleading,1.69,2.81,3.96,1.06,1.06,3.00
crude,1.68,2.82,4.48,1.35,1.35,2.54
irritation,1.68,2.82,5.74,1.18,1.18,2.05
uncomfortably,1.68,2.82,4.33,1.07,1.07,2.42
unlucky,1.68,2.82,3.11,1.57,1.23,2.19
unsuitable,1.68,2.82,2.85,1.11,1.11,2.36
badly,1.68,2.82,4.52,1.47,1.23,3.02
disgruntled,1.68,2.82,6.41,1.79,1.29,2.38
promiscuous,1.68,2.82,4.38,1.76,1.43,2.80
suffers,1.68,2.82,5.79,1.93,1.40,2.90
unhealthy,1.68,2.82,2.92,1.44,1.00,2.46
depress,1.68,2.82,6.80,1.45,1.45,2.28
complaining,1.67,2.83,4.53,1.11,1.11,2.41
poor,1.67,2.83,3.37,1.37,1.30,2.37
gory,1.66,2.84,5.00,1.75,1.32,3.21
glum,1.66,2.84,6.00,1.29,1.29,2.18
impolite,1.66,2.84,4.93,1.95,1.28,2.48
worsened,1.66,2.84,3.78,1.49,1.18,2.69
disdainful,1.65,2.85,6.53,1.31,1.31,2.30
manipulated,1.65,2.85,5.10,1.31,1.31,2.50
annoys,1.64,2.86,5.69,1.13,1.13,2.29
disturbed,1.64,2.86,6.48,1.34,1.34,2.57
inadequate,1.64,2.86,4.00,1.25,1.25,2.96
detriment,1.63,2.87,4.57,1.50,1.28,2.39
wrong,1.63,2.87,4.57,1.33,1.07,2.74
agitating,1.63,2.87,6.24,1.15,1.15,2.08
hurts,1.63,2.88,5.92,1.74,1.12,2.37
troubling,1.62,2.88,6.26,1.29,1.21,1.77
unknowledgeable,1.62,2.88,2.30,1.45,1.30,2.35
dismayed,1.62,2.88,5.81,1.24,1.14,2.46
disliked,1.61,2.89,6.07,1.15,1.15,2.41
unclean,1.61,2.89,2.83,1.69,1.20,2.49
neglectful,1.61,2.89,4.83,1.34,1.34,2.74
aghast,1.60,2.90,6.97,1.45,1.45,1.86
annoyed,1.60,2.90,6.37,1.38,1.38,1.94
bothering,1.60,2.90,5.17,1.40,1.40,2.38
dummies,1.60,2.90,3.00,1.35,1.35,2.80
maniac,1.60,2.90,5.04,1.44,1.36,2.83
obnoxious,1.60,2.90,5.21,1.04,1.04,2.79
ruined,1.60,2.90,4.71,1.50,1.23,2.64
unimpressive,1.60,2.90,4.33,1.22,1.22,2.60
uninspiring,1.60,2.90,4.10,1.19,1.19,2.81
unpleasant,1.60,2.90,5.21,1.32,1.32,2.68
upset,1.60,2.90,7.06,1.15,1.15,2.34
intolerable,1.59,2.91,6.27,1.43,1.22,2.52
egotistical,1.59,2.91,5.68,1.47,1.40,2.19
lame,1.59,2.91,3.61,1.19,1.19,2.20
dispirited,1.58,2.92,6.07,1.09,1.09,2.32
angering,1.58,2.92,7.13,1.22,1.21,1.80
cruddy,1.57,2.93,5.67,1.20,1.20,2.27
ugly,1.57,2.93,3.76,1.73,1.60,3.27
appalled,1.56,2.94,6.07,1.92,1.37,2.85
dangerous,1.56,2.94,5.23,1.29,1.29,2.85
faking,1.56,2.94,3.41,1.23,1.23,2.22
hassled,1.56,2.94,3.79,1.19,1.08,2.54
sluggish,1.56,2.94,3.37,1.26,1.26,2.75
sucked,1.56,2.94,4.68,1.33,1.23,2.92
punished,1.56,2.94,4.18,1.45,1.28,2.29
unqualified,1.56,2.94,2.62,1.31,1.31,2.27
whining,1.55,2.95,5.26,1.82,1.15,2.41
dirty,1.55,2.95,3.07,1.41,1.41,2.65
mortifying,1.54,2.96,6.86,1.69,1.48,2.29
hopelessly,1.53,2.97,6.23,1.63,1.18,2.37
whiny,1.53,2.97,5.85,1.61,1.09,2.82
faulty,1.52,2.98,3.22,1.23,1.12,2.21
lewd,1.52,2.98,3.75,1.90,1.11,2.78
unbearably,1.52,2.98,6.45,1.33,1.33,2.73
unfortunate,1.52,2.98,4.35,1.12,1.12,2.48
unlikeable,1.52,2.98,5.26,1.36,1.36,2.11
unwelcome,1.52,2.98,4.15,1.23,1.12,2.28
crummy,1.52,2.98,5.08,1.12,1.12,2.29
dumpy,1.52,2.98,4.05,1.19,1.19,2.69
cranky,1.52,2.98,6.33,1.33,1.24,2.42
crud,1.52,2.98,3.34,1.15,1.15,2.86
disappoints,1.52,2.98,6.30,1.15,1.15,2.15
nutcase,1.52,2.98,5.83,1.31,1.31,2.52
painfully,1.52,2.98,6.13,1.63,1.28,2.06
worsen,1.52,2.98,3.57,1.12,1.12,2.64
defective,1.50,3.00,3.45,1.26,1.26,2.71
obscene,1.50,3.00,5.69,1.50,1.43,2.74
sadly,1.50,3.00,6.27,1.61,1.15,2.21
sickening,1.50,3.00,6.26,1.50,1.26,2.39
upsetting,1.49,3.01,6.77,1.22,1.12,2.05
shoddy,1.48,3.02,3.00,1.24,1.24,2.28
damaged,1.48,3.02,4.63,1.09,1.09,2.66
impolitely,1.48,3.02,3.82,1.28,1.28,2.06
scares,1.48,3.02,6.05,1.09,1.09,1.99
distressing,1.48,3.02,7.34,1.66,1.21,1.77
manipulate,1.48,3.02,3.90,1.36,1.36,2.88
mad,1.47,3.03,7.27,1.11,1.11,2.25
weakest,1.47,3.03,4.42,1.67,0.97,2.98
heinousness,1.47,3.03,5.66,2.08,1.19,2.69
overpriced,1.47,3.03,2.70,1.25,1.25,2.15
schmuck,1.47,3.03,5.33,1.28,1.19,2.72
disgraceful,1.46,3.04,6.00,2.10,1.00,2.20
hypocrisy,1.46,3.04,4.31,1.20,1.20,2.87
whores,1.46,3.04,3.79,1.95,1.63,3.63
slob,1.45,3.05,3.48,1.18,1.18,2.59
condemned,1.45,3.05,4.54,1.84,1.12,3.48
demeaning,1.45,3.05,6.23,1.34,1.34,2.31
unreliable,1.45,3.05,3.57,1.29,1.29,2.69
arrogant,1.45,3.05,5.56,1.59,1.45,2.42
dissatisfied,1.44,3.06,5.21,1.05,1.05,2.43
insulting,1.44,3.06,6.11,1.83,1.05,2.32
irrational,1.44,3.06,5.89,1.15,1.15,2.16
lowbred,1.44,3.06,4.38,1.25,1.15,3.10
disappointed,1.44,3.06,6.37,1.16,1.16,1.98
insulted,1.44,3.06,5.81,1.16,1.16,2.17
junky,1.44,3.06,1.86,1.33,1.33,2.40
pissed,1.44,3.06,7.61,1.33,1.33,1.76
whiney,1.44,3.06,4.84,1.29,1.29,2.54
excruciating,1.44,3.06,7.08,2.40,0.81,2.00
undesirable,1.43,3.07,4.69,1.25,1.14,2.65
yucky,1.42,3.08,4.70,1.31,1.31,2.58
hurting,1.41,3.09,5.89,1.66,1.59,2.59
unhealthful,1.41,3.09,2.96,1.18,1.18,2.75
insidious,1.40,3.10,5.93,1.50,1.07,2.36
monstrosity,1.40,3.10,5.93,1.73,1.49,2.84
nuisance,1.40,3.10,4.87,1.15,1.15,2.45
tasteless,1.40,3.10,3.93,1.10,1.00,3.04
unattractive,1.40,3.10,4.80,1.22,1.22,2.87
failing,1.39,3.11,4.48,1.23,1.23,2.69
miserably,1.39,3.11,6.34,1.45,1.37,2.30
thug,1.39,3.11,4.38,1.20,1.20,3.28
crappy,1.39,3.11,5.53,1.20,1.20,2.70
annoying,1.38,3.12,6.37,1.13,1.13,1.84
complains,1.38,3.12,4.56,1.40,1.23,2.85
inexcusable,1.38,3.12,3.52,1.59,1.27,2.85
inept,1.38,3.13,2.11,1.37,1.28,2.39
befoul,1.37,3.13,4.34,1.39,1.30,2.29
outrage,1.37,3.13,6.79,1.28,1.18,2.40
pitiful,1.37,3.13,6.14,1.36,1.36,2.33
unintelligent,1.37,3.13,3.16,1.21,1.21,2.68
crybaby,1.37,3.13,7.33,1.47,1.23,1.54
offensive,1.37,3.14,5.84,1.41,1.19,2.42
repugnant,1.37,3.13,5.97,1.94,1.22,3.05
stinks,1.36,3.14,3.52,1.25,1.25,2.80
fails,1.36,3.14,3.48,1.19,1.19,2.92
sadistic,1.36,3.14,5.79,2.13,1.25,2.82
unsafe,1.36,3.14,4.30,1.30,1.15,2.53
racialist,1.35,3.15,5.07,1.67,1.53,2.77
dismay,1.34,3.16,6.04,1.04,1.04,2.43
bitter,1.33,3.17,6.63,1.67,1.29,2.16
humiliated,1.33,3.17,7.68,1.27,1.27,1.80
obscenity,1.33,3.17,5.23,1.65,1.35,2.30
terribly,1.33,3.17,5.73,1.77,1.14,1.86
depressing,1.32,3.18,7.51,1.19,1.19,1.75
nasty,1.32,3.18,6.79,1.39,1.39,2.16
crudeness,1.32,3.18,4.17,1.28,1.17,2.74
malfunctioning,1.32,3.18,1.07,1.14,1.14,1.46
morbid,1.32,3.18,5.33,1.41,1.08,2.35
suffered,1.32,3.18,6.47,1.22,1.22,2.32
worse,1.32,3.18,4.00,1.03,1.03,2.82
rudeness,1.31,3.19,5.50,1.38,0.92,2.64
sleazy,1.31,3.19,4.40,1.87,1.16,2.90
disconcerting,1.31,3.19,4.74,1.31,1.22,2.46
undependable,1.31,3.19,3.22,0.89,0.89,2.33
unprofessional,1.31,3.19,3.41,1.20,1.10,3.00
stink,1.30,3.20,2.24,1.25,1.25,2.64
abandon,1.30,3.20,4.90,1.39,1.31,2.40
frustrating,1.30,3.20,6.49,1.20,1.20,1.98
inconsiderate,1.30,3.20,5.41,1.81,0.98,2.07
losers,1.30,3.20,4.81,1.56,1.40,2.64
unstable,1.30,3.20,5.44,1.27,1.27,2.25
unsympathetic,1.30,3.20,4.11,1.07,1.07,2.50
illegal,1.29,3.21,2.30,1.19,1.09,2.71
detestable,1.29,3.21,6.66,1.41,1.32,2.76
rubbish,1.29,3.21,4.14,1.30,1.21,2.91
phony,1.28,3.22,4.46,1.51,1.10,2.96
ungrateful,1.28,3.22,5.42,1.33,1.06,2.89
awfully,1.28,3.22,5.58,1.17,1.17,2.66
defeated,1.28,3.22,5.16,1.31,1.31,2.81
disapprove,1.28,3.22,4.48,1.06,1.06,2.46
hater,1.28,3.22,5.48,1.17,1.17,2.75
miserableness,1.28,3.22,6.31,1.84,0.91,2.40
plagued,1.28,3.22,4.44,1.21,1.21,2.64
wrongly,1.28,3.22,2.29,1.17,1.17,2.39
yuck,1.28,3.22,5.37,1.24,1.24,2.82
cringe,1.28,3.22,6.50,1.07,1.07,2.37
sicken,1.28,3.22,5.56,1.13,1.13,2.53
letdown,1.27,3.23,6.03,1.31,1.21,2.15
icky,1.27,3.23,5.97,1.51,1.17,2.22
asinine,1.26,3.24,5.52,1.23,1.23,2.72
ghastly,1.26,3.24,5.55,1.35,1.35,2.64
menace,1.26,3.24,5.35,1.06,1.06,2.18
detested,1.26,3.24,6.83,1.46,1.38,2.44
shite,1.26,3.24,3.56,1.78,1.16,3.31
waste,1.26,3.24,2.57,1.26,1.26,2.73
jerk,1.25,3.25,6.55,1.11,1.11,2.47
rejected,1.25,3.25,5.28,1.00,1.00,2.81
disrespect,1.24,3.26,5.15,1.18,1.18,2.27
hazardous,1.24,3.26,3.89,1.55,1.21,3.00
horror,1.24,3.26,6.26,1.77,1.55,2.65
angry,1.24,3.26,7.72,1.27,1.15,1.73
bitterly,1.24,3.26,6.44,1.20,1.20,1.89
disrespectful,1.24,3.26,4.55,1.27,1.27,2.85
greedy,1.24,3.26,4.85,1.16,1.16,2.36
mean,1.24,3.26,6.06,1.01,1.01,1.95
reeked,1.24,3.26,3.26,1.13,1.13,2.52
uncaring,1.23,3.27,5.33,1.10,1.10,2.87
abysmally,1.23,3.27,5.57,1.56,1.28,2.26
angered,1.23,3.27,6.89,1.07,1.07,2.08
defile,1.23,3.27,5.15,1.59,1.36,3.03
yuk,1.23,3.27,4.16,0.93,0.93,3.07
dissatisfaction,1.22,3.28,4.97,0.93,0.93,2.32
stinking,1.22,3.28,3.32,1.01,1.01,2.83
atrociousness,1.22,3.28,5.93,1.25,1.24,2.99
appalling,1.21,3.29,6.23,1.74,1.09,2.69
bitch,1.21,3.29,6.96,2.18,1.42,2.55
mortified,1.21,3.29,7.44,1.40,1.31,2.19
distressed,1.20,3.30,7.03,1.30,0.99,1.81
intolerance,1.20,3.30,3.45,1.22,1.22,3.02
unhappily,1.20,3.30,6.45,1.19,1.19,2.23
stunk,1.19,3.31,3.43,1.20,1.20,2.88
swindle,1.19,3.31,4.14,1.30,1.30,2.70
shame,1.19,3.31,6.73,1.31,0.78,2.32
abominable,1.19,3.31,5.38,1.42,1.22,2.96
abhorrent,1.18,3.32,6.33,1.42,1.42,2.14
dreaded,1.18,3.32,6.34,1.16,1.16,2.92
sucks,1.17,3.33,5.56,1.36,1.36,2.33
condemnable,1.17,3.33,5.77,1.53,1.08,2.24
contemptuous,1.17,3.33,6.03,1.39,1.31,2.14
coward,1.17,3.33,6.20,1.23,1.14,2.19
irresponsible,1.17,3.33,5.03,1.21,1.11,1.94
irritable,1.17,3.33,6.40,1.23,1.23,2.06
irritated,1.17,3.33,6.60,1.12,1.12,2.08
scorn,1.17,3.33,6.63,1.29,1.20,1.94
degenerate,1.16,3.34,4.29,1.34,1.24,2.60
horrendous,1.16,3.34,5.21,1.52,1.42,2.91
manipulative,1.16,3.34,5.07,1.28,1.28,2.54
nauseous,1.16,3.34,4.58,1.14,1.14,3.05
rude,1.16,3.34,5.11,1.31,0.93,2.41
stank,1.16,3.34,2.11,1.21,1.21,2.44
harmful,1.16,3.35,4.62,1.26,1.10,2.57
disappointment,1.15,3.35,6.63,0.86,0.86,2.25
unkind,1.15,3.35,4.30,1.13,1.13,2.49
idiotic,1.14,3.36,4.90,1.27,1.27,2.79
rottenly,1.14,3.36,5.00,1.06,1.06,2.67
deceiving,1.13,3.37,5.83,1.96,0.94,2.29
viciously,1.13,3.37,7.13,1.41,1.32,1.61
bad,1.12,3.38,5.07,1.05,1.05,2.66
condemn,1.12,3.38,4.52,1.13,1.13,2.84
crap,1.12,3.38,4.41,1.20,1.20,2.78
disappointing,1.12,3.38,7.03,0.97,0.97,1.85
dishonorable,1.12,3.38,5.30,1.86,0.88,2.37
ignorance,1.12,3.38,3.44,1.24,1.24,2.82
ignorant,1.12,3.38,4.00,0.93,0.93,2.47
ungodly,1.12,3.38,3.00,1.24,1.24,2.76
reprehensible,1.12,3.38,5.81,1.56,1.47,2.51
pathetic,1.11,3.39,6.35,1.22,1.22,2.39
gross,1.11,3.39,6.10,1.23,1.23,2.45
dismal,1.10,3.40,5.80,1.21,1.21,2.31
dissatisfactory,1.10,3.40,4.63,1.21,1.21,2.26
ripoff,1.10,3.40,5.70,1.11,1.11,2.63
dislikable,1.10,3.40,5.57,1.18,1.18,2.34
dysfunctional,1.10,3.40,5.40,1.32,1.23,2.47
damaging,1.10,3.40,4.90,1.22,1.22,2.77
ashamed,1.08,3.42,6.86,1.22,1.22,2.12
dreadful,1.08,3.42,6.75,1.19,1.19,1.98
excruciation,1.08,3.42,6.72,1.00,1.00,2.53
irritating,1.08,3.42,5.83,1.26,1.26,2.75
nauseate,1.08,3.42,5.26,1.12,1.12,2.82
unlikable,1.08,3.42,3.45,1.19,1.19,2.63
distasteful,1.07,3.43,5.24,0.92,0.92,2.16
useless,1.07,3.43,4.65,1.14,1.14,2.60
skanky,1.07,3.43,6.46,1.05,1.05,2.74
despised,1.07,3.43,6.73,1.75,1.01,2.24
unbearable,1.07,3.43,6.04,1.85,1.06,2.74
filth,1.06,3.44,4.00,1.64,0.93,3.06
contaminating,1.04,3.46,2.31,1.10,1.10,2.30
trainwreck,1.04,3.46,4.46,1.02,1.02,3.27
stupid,1.04,3.46,5.77,1.12,1.11,2.66
filthy,1.04,3.46,5.11,1.11,1.11,2.95
vulgar,1.04,3.46,5.57,1.19,1.19,2.35
betrayed,1.04,3.46,6.62,1.40,1.09,2.69
hopeless,1.04,3.46,6.93,0.92,0.92,2.36
horrific,1.04,3.46,6.90,1.32,1.22,2.13
lousy,1.03,3.47,4.73,1.02,1.02,2.85
depressed,1.03,3.47,7.92,1.03,1.03,1.81
grossest,1.03,3.47,3.34,1.10,1.10,3.32
attacking,1.00,3.50,5.41,1.41,1.41,2.72
homophobic,1.00,3.50,5.84,1.32,1.21,3.43
horribly,1.00,3.50,6.03,1.12,1.12,2.53
horrid,1.00,3.50,6.84,1.59,1.41,2.22
hypocrite,1.00,3.50,4.88,1.08,1.08,3.20
negativity,1.00,3.50,4.31,0.98,0.98,2.92
scummy,1.00,3.50,5.42,1.02,1.02,3.14
stench,1.00,3.50,4.06,1.35,1.24,2.63
trashy,1.00,3.50,4.56,1.28,1.18,2.55
unworthy,1.00,3.50,3.74,1.36,1.27,2.78
perverted,0.97,3.53,5.27,1.53,1.19,2.95
sluttish,0.97,3.53,5.52,1.32,1.33,3.15
detest,0.97,3.53,6.33,1.54,1.08,2.67
atrocities,0.97,3.53,6.33,1.80,1.30,2.77
deplorable,0.97,3.53,5.30,1.59,1.11,2.81
toxic,0.97,3.53,5.20,1.35,1.03,2.91
disgust,0.96,3.54,7.17,1.07,1.07,2.17
motherfucking,0.96,3.54,6.72,1.71,1.14,3.02
hates,0.96,3.54,7.39,2.05,1.19,2.01
badness,0.93,3.57,4.13,1.16,1.16,2.40
foul,0.93,3.57,4.90,1.13,1.13,2.44
scum,0.93,3.57,6.30,1.16,1.16,2.20
shameful,0.93,3.57,6.19,1.28,1.18,2.75
dreadfully,0.93,3.57,6.28,1.18,1.18,2.95
dumbest,0.93,3.57,4.31,1.25,1.25,2.84
atrociously,0.93,3.57,5.90,1.92,1.18,2.23
corrupt,0.92,3.58,3.53,1.15,1.15,2.69
ruining,0.92,3.58,3.03,1.04,1.04,2.87
stupidity,0.92,3.58,3.32,1.15,1.15,3.06
retarded,0.90,3.60,5.17,1.60,1.15,3.11
loathsome,0.90,3.60,6.37,1.42,1.13,2.58
moron,0.90,3.60,5.53,1.14,1.14,2.76
disgusting,0.89,3.61,6.73,0.96,0.96,2.13
scam,0.89,3.61,3.59,0.97,0.97,2.98
despicable,0.88,3.62,5.72,1.33,1.33,2.71
dumb,0.88,3.62,3.45,1.09,1.09,3.17
unfit,0.88,3.62,2.31,1.05,1.05,2.49
disgusted,0.88,3.63,7.46,1.01,1.01,2.08
atrocious,0.87,3.63,6.00,1.53,1.02,2.95
slutty,0.87,3.63,6.43,1.14,1.14,2.70
idiots,0.86,3.64,4.56,1.43,0.85,3.13
loser,0.86,3.64,4.70,0.88,0.88,2.96
revolting,0.86,3.64,6.70,1.83,1.21,2.32
awful,0.85,3.65,6.41,1.17,1.01,2.29
grotesque,0.85,3.65,5.03,0.83,0.82,2.95
imbecile,0.85,3.65,3.88,1.35,0.88,2.70
horrible,0.84,3.66,5.53,0.94,0.94,2.94
painful,0.84,3.66,5.89,1.14,1.14,2.28
torturous,0.84,3.66,6.40,1.57,0.95,2.86
traumatize,0.84,3.66,7.04,1.62,1.04,1.70
idiot,0.83,3.67,5.63,1.15,1.03,2.76
terrible,0.83,3.67,5.95,1.04,1.01,2.44
humiliate,0.80,3.70,5.76,1.00,1.00,2.98
mortify,0.80,3.70,5.41,0.91,0.91,2.06
wretched,0.80,3.70,4.83,1.26,1.13,3.07
miserable,0.79,3.71,7.07,1.11,1.11,2.09
atrocity,0.77,3.73,5.26,1.27,1.18,2.77
humiliating,0.77,3.73,7.53,1.38,1.06,1.33
mean-spirited,0.77,3.73,6.67,0.86,0.86,2.06
bullied,0.76,3.74,4.52,0.97,0.97,3.09
disastrous,0.76,3.74,5.85,0.78,0.78,2.30
dishonest,0.76,3.74,4.70,0.88,0.88,2.91
rancid,0.76,3.74,2.90,0.93,0.93,2.91
soulless,0.76,3.74,5.11,0.88,0.88,3.06
worst,0.76,3.74,4.32,1.20,1.20,2.83
bitchy,0.75,3.75,7.45,1.00,1.00,1.74
despise,0.75,3.75,7.03,1.17,1.05,2.37
abysmal,0.74,3.76,5.92,1.19,1.12,2.59
worthless,0.74,3.76,5.59,0.98,0.98,2.73
violated,0.73,3.77,6.70,0.91,0.91,2.34
horrified,0.72,3.78,7.77,1.16,1.04,1.25
agonizing,0.72,3.78,7.16,1.02,1.02,2.02
incompetent,0.72,3.78,2.76,1.10,1.10,3.04
scumbag,0.72,3.78,5.68,1.10,1.10,2.93
shit,0.72,3.78,5.23,1.24,1.24,3.23
stupidest,0.72,3.78,2.72,0.94,0.94,2.99
agony,0.71,3.79,7.21,1.18,1.18,2.19
hating,0.71,3.79,8.08,1.04,1.04,1.49
vile,0.70,3.80,6.61,1.14,1.14,2.30
hate,0.70,3.80,8.00,1.26,1.15,1.98
slaughtered,0.70,3.80,5.20,1.02,1.02,2.93
deceived,0.69,3.81,5.00,1.17,1.17,2.60
hated,0.69,3.81,6.67,1.28,1.17,2.34
nauseating,0.69,3.81,6.33,0.93,0.93,2.40
psycho,0.69,3.81,6.90,0.93,0.93,2.23
dickhead,0.68,3.82,5.35,1.18,1.18,2.93
abused,0.67,3.83,7.12,1.06,1.06,1.93
hateful,0.65,3.85,7.29,0.98,0.97,1.74
cruel,0.64,3.86,6.79,1.15,1.15,2.03
repulsive,0.64,3.86,7.13,1.15,1.15,1.96
rotten,0.64,3.86,3.76,0.86,0.86,3.24
disgrace,0.63,3.87,6.34,0.74,0.74,2.11
tortured,0.63,3.88,6.59,0.90,0.90,2.50
hideous,0.62,3.88,6.70,1.05,1.05,1.91
retard,0.60,3.90,2.93,0.91,0.91,3.62
hatred,0.59,3.91,7.66,0.89,0.89,1.84
failure,0.59,3.91,5.85,1.02,1.02,2.43
abusive,0.56,3.94,6.94,0.87,0.87,2.82
abuse,0.54,3.96,5.86,0.74,0.74,2.79
jackass,0.53,3.97,5.50,0.62,0.62,3.06
misery,0.52,3.98,6.90,0.92,0.92,2.83
bully,0.52,3.98,5.81,0.78,0.78,2.68
nastiness,0.52,3.98,5.63,0.74,0.74,2.66
evil,0.50,4.00,6.00,0.96,0.96,2.95
racist,0.48,4.02,4.45,1.08,0.92,3.85
shitty,0.48,4.02,5.97,0.92,0.92,2.74
torturing,0.48,4.02,5.48,0.82,0.82,2.93
dumbass,0.47,4.03,5.54,0.88,0.88,3.09
cocksucker,0.45,4.05,5.67,0.99,0.99,3.22
cunt,0.39,4.11,6.18,0.96,0.86,3.30
racism,0.38,4.12,5.30,1.01,0.86,3.24
faggot,0.32,4.18,6.15,0.98,0.82,3.45
assholes,0.26,4.24,7.00,0.66,0.66,2.49
,,,,,,
,,,,,,
